custid,custdlno,custname,custadd,custcity,custstate,custzip,custdob,custphone,custemail,pymethod,cardno,expmth,expyr
11111111,592742076,"Valdez, Damon W.","P.O. Box 190, 6531 Penatibus St.",Norfolk,VA,18092,6/16/1994,1833685745,valdezdamonw4830@gmail.com,cash,,,
11111112,744161641,"Spears, Tarik E.",966-7996 Sollicitudin Rd.,Oklahoma City,OK,27323,3/21/1975,8208029112,spearstarike@gmail.com,credit,5.51601E+15,4,2025
11111113,856542905,"Meyers, Josiah V.",Ap #996-7779 Libero Street,Montpelier,VT,42350,12/23/1985,2237457653,meyersjosiahv@gmail.com,credit,4.47999E+15,8,2025
11111114,605729534,"Guthrie, Lucas W.",114-2869 Sit Ave,Sioux City,IA,37105,8/6/1969,6484976319,guthrielucasw@hotmail.com,credit,5.5405E+15,8,2024
11111115,442856094,"Dorsey, Steel P.",797-9068 Cursus St.,South Portland,ME,72622,8/9/1989,3938688182,dorseysteelp@hotmail.com,credit,6.62738E+15,1,2023
11111116,900273030,"Pratt, Vance M.",132-6185 Nonummy. Av.,Racine,WI,92865,3/5/1988,6241713376,prattvancem5338@hotmail.com,credit,4.29238E+15,9,2024
11111117,787498947,"Lindsay, Zeus W.",577-7483 Nulla Av.,Rochester,MN,24545,6/10/1981,3240526151,lindsayzeusw@yahoo.com,credit,6.11711E+15,4,2023
11111118,503294251,"Bryan, Jescie S.",Ap #441-2552 Nulla Av.,Omaha,NE,12451,5/1/1996,5712725845,bryanjescies176@yahoo.com,credit,4.43024E+15,5,2025
11111119,634752647,"York, Zeus Q.","P.O. Box 798, 3280 Risus, St.",Ketchikan,AK,99566,11/7/1984,8526826333,yorkzeusq1490@gmail.com,credit,5.7534E+15,12,2024
11111120,595582872,"Woodard, Alec J.",Ap #727-4538 Egestas. St.,Hattiesburg,MS,56173,8/14/1969,9614363865,woodardalecj781@gmail.com,credit,4.56205E+15,9,2024
11111121,871127857,"Simon, Adara T.","Ap #334-1821 Nostra, St.",Dover,DE,62376,6/11/1976,6369741277,simonadarat4993@yahoo.com,credit,5.45571E+15,9,2024
11111122,981224762,"Bates, Nero U.",363-7248 Nulla Av.,Springfield,IL,23973,7/12/1995,6663336372,batesnerou1015@gmail.com,credit,6.39912E+15,8,2025
11111123,721535206,"Jefferson, Juliet Y.","2333 Eu, Rd.",Honolulu,HI,15697,12/16/1970,5727425168,jeffersonjuliety7419@gmail.com,credit,6.54133E+15,4,2024
11111124,945362542,"Acosta, Marcia Y.","P.O. Box 957, 9376 Ac Av.",Cincinnati,OH,81604,10/14/1971,1433033310,acostamarciay686@hotmail.com,credit,4.4287E+15,5,2024
11111125,576101406,"Hansen, Zeph Q.",546-3379 Sit Rd.,Kearney,NE,27549,3/4/1973,8202382635,hansenzephq9345@gmail.com,credit,4.53949E+15,11,2023
11111126,938476022,"Dunn, Hu G.","Ap #907-2666 Tortor, Ave",Missoula,MT,85439,8/26/1993,5071279944,dunnhug1602@hotmail.com,credit,4.52519E+15,10,2025
11111127,938267551,"Osborn, Dorian U.",214-959 Tristique Road,Helena,MT,43779,8/28/1992,2581391074,osborndorianu@gmail.com,credit,6.31316E+15,6,2023
11111128,422750104,"Downs, Allistair K.",Ap #359-2371 Aenean Av.,Chandler,AZ,85748,5/10/1984,6335588373,downsallistairk5560@hotmail.com,credit,5.02377E+15,4,2024
11111129,846115708,"Sanford, Jennifer E.",7736 Ultricies Avenue,San Diego,CA,96908,8/1/1993,4688011415,sanfordjennifere@gmail.com,credit,5.44089E+15,6,2024
11111130,767872538,"Leonard, Angela O.",Ap #866-4582 Dictum Rd.,Austin,TX,55497,3/15/1970,5276960456,leonardangelao7070@hotmail.com,credit,5.87993E+15,11,2024
11111131,949006424,"Sawyer, Derek C.",Ap #419-6475 In Rd.,Indianapolis,IN,42648,5/11/1977,3982751254,sawyerderekc5135@hotmail.com,credit,5.22378E+15,4,2024
11111132,828888535,"Ayala, Angelica Q.",Ap #566-6914 Tincidunt Street,Waterbury,CT,36431,6/15/1994,5164683029,ayalaangelicaq4235@gmail.com,credit,5.61301E+15,10,2025
11111133,571492112,"Jordan, MacKensie G.",3533 Aliquam Ave,Biloxi,MS,22279,1/31/1971,2105866372,jordanmackensieg@hotmail.com,debit,5.98724E+15,3,2025
11111134,654637669,"Porter, Allistair R.","8579 Purus, St.",Meridian,ID,90545,4/24/1978,3828257707,porterallistairr8571@gmail.com,cash,,,
11111135,426004239,"Estes, Dale P.",Ap #844-7904 Convallis Street,Aurora,IL,99514,4/15/1987,181459334,estesdalep9232@gmail.com,credit,6.61445E+15,4,2024
11111136,669165904,"Casey, Brock L.",6782 Risus. Ave,Bellevue,NE,52894,3/25/1998,7683564100,caseybrockl6362@yahoo.com,credit,4.2485E+15,7,2023
11111137,956584474,"Barrera, Ila X.",Ap #721-7437 Ornare Rd.,Chandler,AZ,85467,1/31/1984,8522197645,barrerailax@yahoo.com,credit,6.27304E+15,11,2025
11111138,752126988,"Larson, Genevieve E.","4578 Vitae, Avenue",Erie,PA,78866,9/15/1980,2066437973,larsongenevievee4383@hotmail.com,credit,4.45784E+15,7,2026
11111139,596481443,"Powers, Ria U.",176-796 Fusce Rd.,Memphis,TN,45863,9/9/1993,1445346153,powersriau@gmail.com,credit,6.2294E+15,7,2023
11111140,620719731,"Ochoa, Kermit H.","P.O. Box 311, 8201 Cum Road",Toledo,OH,50108,8/27/1987,4638867842,ochoakermith1621@gmail.com,credit,5.17334E+15,2,2023
11111141,476949862,"Campbell, Jasper Y.",688-8215 Tempus Avenue,Tampa,FL,25012,2/28/1993,7463781972,campbelljaspery8331@gmail.com,credit,4.96965E+15,6,2023
11111142,716074511,"Herman, Carson N.","9152 Id, Ave",Dover,DE,55745,2/20/1998,7765001404,hermancarsonn@yahoo.com,credit,6.32349E+15,10,2026
11111143,438852791,"Armstrong, Dana P.",224-9254 Et Avenue,Wyoming,WY,63424,5/29/1988,7167964924,armstrongdanap@hotmail.com,credit,6.46103E+15,3,2023
11111144,748971186,"Daniels, Owen P.",Ap #974-6949 Luctus St.,Juneau,AK,99727,6/30/1986,8146346603,danielsowenp@yahoo.com,credit,4.35763E+15,2,2025
11111145,643593856,"Crane, Ivy Z.","P.O. Box 194, 9772 Phasellus Avenue",Des Moines,IA,88323,3/2/1997,2445251324,craneivyz@hotmail.com,credit,5.28521E+15,6,2023
11111146,494678605,"Conway, Odysseus D.",687-2063 Justo St.,Little Rock,AR,72181,2/25/1985,4780492719,conwayodysseusd@yahoo.com,credit,5.20126E+15,8,2025
11111147,693218295,"May, Emi I.","931-7386 Sapien, Rd.",Gulfport,MS,84496,2/18/1982,1364726434,mayemii2900@hotmail.com,credit,4.25545E+15,10,2026
11111148,779923671,"Manning, Demetria V.",8919 Ornare. Road,Columbia,MD,81185,1/19/1999,2122533370,manningdemetriav@gmail.com,credit,5.06639E+15,11,2024
11111149,946740874,"Colon, Rana N.",183-2148 Nulla. St.,Springdale,AR,71015,2/15/1985,8139187317,colonranan5470@hotmail.com,credit,5.84667E+15,5,2024
11111150,478861545,"Burns, Illiana M.",284-9738 Consectetuer Av.,Jackson,MS,85465,2/21/1991,4099451446,burnsillianam3265@yahoo.com,credit,5.54591E+15,3,2023
11111151,907966193,"Kirkland, Brenna F.",709-5083 Sed Rd.,Lakewood,CO,65154,3/17/1983,383402291,kirklandbrennaf3060@yahoo.com,credit,6.19339E+15,10,2026
11111152,963036505,"Kirk, Axel I.","591-5867 Orci, Rd.",Fresno,CA,90477,7/28/1969,1624178683,kirkaxeli7249@yahoo.com,credit,5.69591E+15,10,2024
11111153,888531300,"Galloway, Cameron X.",4248 Orci. Ave,Norman,OK,44286,2/1/1973,6527715564,gallowaycameronx4551@gmail.com,credit,6.25583E+15,9,2024
11111154,952642477,"Randolph, Karina B.",853-9596 Felis Road,Fayetteville,AR,71857,4/11/1975,8139265988,randolphkarinab@hotmail.com,credit,5.56549E+15,4,2023
11111155,719700750,"Kramer, Malcolm C.",Ap #622-7793 Vivamus St.,Covington,KY,52093,4/4/1976,2532506876,kramermalcolmc@hotmail.com,credit,5.91379E+15,5,2023
11111156,513348058,"Griffin, Morgan G.",2268 Ut Road,Fort Wayne,IN,54382,6/23/1991,4787336016,griffinmorgang@hotmail.com,credit,5.00827E+15,9,2023
11111157,809246525,"Rodgers, Demetrius P.","P.O. Box 214, 5185 Porttitor Avenue",Lafayette,LA,71629,6/4/1998,8738253128,rodgersdemetriusp@gmail.com,credit,5.61489E+15,2,2025
11111158,525771416,"Chandler, Denton Q.",674-9015 Elit. Ave,Gary,IN,84411,6/8/1986,1206115711,chandlerdentonq@hotmail.com,credit,4.4214E+15,4,2025
11111159,913426490,"Dejesus, Iliana R.",Ap #980-6976 Sit Street,South Portland,ME,69458,7/25/1986,8291447226,dejesusilianar@yahoo.com,credit,4.77495E+15,5,2023
11111160,860909186,"Stout, Joshua P.",Ap #890-640 Cursus Ave,Rock Springs,WY,58833,6/22/1969,7330278718,stoutjoshuap8912@yahoo.com,credit,5.19847E+15,7,2026
11111161,911974791,"Vargas, Kyle B.",Ap #782-5959 Aliquam Rd.,Kaneohe,HI,66974,4/17/1999,4163413320,vargaskyleb5562@hotmail.com,credit,5.93433E+15,7,2025
11111162,470441318,"Stevenson, Kuame K.",Ap #375-8830 Quam. Av.,Montgomery,AL,36070,10/18/1981,438790631,stevensonkuamek@yahoo.com,credit,5.19495E+15,8,2026
11111163,583258096,"Ryan, Joan J.",Ap #177-7381 Nulla Rd.,Burlington,VT,35743,4/15/1983,8281513772,ryanjoanj@hotmail.com,credit,5.156E+15,2,2025
11111164,962615531,"Vazquez, Aline M.",Ap #313-2127 Proin Rd.,Broken Arrow,OK,63574,11/23/1987,130658563,vazquezalinem@hotmail.com,credit,6.50128E+15,9,2026
11111165,650242617,"Ross, Jack E.",143-7956 Diam. St.,Kaneohe,HI,43841,11/24/1971,8478754671,rossjacke2864@hotmail.com,credit,4.64251E+15,4,2024
11111166,488110919,"Franklin, Lars Z.",Ap #750-5446 Urna Rd.,Green Bay,WI,30282,5/31/1976,6963790179,franklinlarsz2914@yahoo.com,credit,6.34632E+15,2,2025
11111167,711815633,"O'brien, Norman V.","P.O. Box 374, 8951 Lobortis Av.",Broken Arrow,OK,86759,1/8/1975,6595591884,obriennormanv7194@yahoo.com,credit,6.59239E+15,6,2024
11111168,578977312,"Coffey, Felix K.",416-6632 Risus. Ave,Bellevue,NE,61741,4/3/1979,3854685438,coffeyfelixk2485@gmail.com,credit,6.20163E+15,10,2025
11111169,695018988,"Benson, Jerry D.",3711 Morbi Av.,Wyoming,WY,47682,2/25/1997,3770923874,bensonjerryd@yahoo.com,credit,4.47208E+15,6,2023
11111170,471489529,"Mayo, Camilla O.",3719 Lectus. Road,Virginia Beach,VA,34379,10/8/1993,5262781845,mayocamillao3419@hotmail.com,credit,5.6263E+15,2,2025
11111171,901701023,"Sloan, Addison L.",7794 Quisque Avenue,Georgia,GA,85122,9/5/1971,4785441216,sloanaddisonl1644@gmail.com,credit,6.30769E+15,6,2025
11111172,675239549,"Daugherty, Kristen E.",623-5797 Sed Rd.,Las Vegas,NV,65168,8/19/1990,8502449523,daughertykristene@gmail.com,credit,5.23077E+15,3,2023
11111173,884391082,"Pruitt, Tiger S.","P.O. Box 774, 3144 Fusce Ave",Chicago,IL,41534,9/9/1984,2730078336,pruitttigers8629@gmail.com,credit,4.74156E+15,5,2025
11111174,636820428,"Faulkner, Timon Q.","P.O. Box 246, 5006 Semper St.",Indianapolis,IN,45927,7/7/1996,65567377,faulknertimonq@yahoo.com,credit,4.37447E+15,7,2024
11111175,786921662,"Bryan, Melodie R.",Ap #559-641 Vel Road,Frederick,MD,50236,3/11/1991,7526758141,bryanmelodier@yahoo.com,credit,5.69668E+15,8,2025
11111176,535855208,"Dawson, Joelle X.",195-5447 Eu Rd.,Bangor,ME,95311,1/25/1990,904223264,dawsonjoellex6430@yahoo.com,credit,5.31628E+15,3,2025
11111177,564280614,"Joyce, Yasir C.",137-8523 Enim St.,Meridian,ID,51724,12/26/1978,6355101253,joyceyasirc@gmail.com,credit,4.30506E+15,4,2024
11111178,676208195,"Higgins, Troy L.",Ap #855-6539 Molestie Av.,Des Moines,IA,44055,2/6/1996,6748834541,higginstroyl@yahoo.com,credit,5.81107E+15,3,2025
11111179,696413673,"Holman, Cleo R.","4236 Orci, Ave",College,AK,99958,5/1/1972,3750488782,holmancleor@yahoo.com,credit,4.4218E+15,5,2025
11111180,424026637,"Medina, Jocelyn W.","P.O. Box 638, 9946 Fusce Ave",Erie,PA,52883,3/25/1989,8135184115,medinajocelynw2605@yahoo.com,credit,4.27327E+15,4,2025
11111181,978739177,"Tyson, Basil L.",7429 Cursus. Street,Cedar Rapids,IA,57625,8/13/1968,5923835493,tysonbasill@gmail.com,credit,4.35844E+15,4,2024
11111182,659815158,"Burch, Keith S.",656-4661 Metus. St.,Bellevue,NE,93250,9/29/1990,1835458388,burchkeiths9871@gmail.com,credit,5.6468E+15,3,2025
11111183,425824287,"Stewart, Aurelia D.",7356 Gravida. Avenue,College,AK,99928,4/22/1989,5135465275,stewartaureliad9616@gmail.com,credit,4.71175E+15,8,2024
11111184,481331223,"Bishop, Odette L.",373-4647 Lectus Street,Fayetteville,AR,71145,5/12/1969,6886774797,bishopodettel1596@gmail.com,credit,4.91807E+15,10,2024
11111185,984456318,"Hebert, Upton C.","P.O. Box 358, 7084 Sit Ave",Columbia,MD,82549,9/27/1990,5763736417,hebertuptonc8256@yahoo.com,credit,4.27024E+15,11,2025
11111186,779150801,"Moran, Tyler F.","P.O. Box 179, 5455 Varius Street",Helena,MT,98153,12/15/1971,6893069219,morantylerf@yahoo.com,credit,5.39751E+15,8,2025
11111187,827075140,"Williamson, Dillon A.",Ap #604-3826 Maecenas Av.,Hillsboro,OR,62654,1/27/1993,7387971771,williamsondillona@hotmail.com,credit,4.63691E+15,6,2025
11111188,580370855,"Kent, Adara M.",Ap #804-6705 Integer Road,Chesapeake,VA,63626,2/18/1981,3591064589,kentadaram@yahoo.com,credit,5.19235E+15,7,2025
11111189,500349729,"Baker, Teagan A.",8141 Nullam St.,Grand Rapids,MI,31207,12/1/1975,1661653850,bakerteagana19@hotmail.com,credit,4.95373E+15,1,2025
11111190,942968207,"Robinson, Jelani M.","P.O. Box 723, 8432 Eu, St.",Fort Worth,TX,36251,3/22/1971,7562452879,robinsonjelanim@hotmail.com,credit,4.55006E+15,5,2025
11111191,649801214,"Frederick, Indira I.","P.O. Box 536, 9197 Augue St.",Kenosha,WI,24835,2/18/1969,1128617388,frederickindirai3580@hotmail.com,credit,4.59604E+15,4,2025
11111192,878400274,"Zimmerman, Keefe Z.",176-582 Rhoncus. Rd.,Fairbanks,AK,99754,4/11/1993,3537195238,zimmermankeefez467@hotmail.com,credit,5.07226E+15,4,2026
11111193,448920953,"O'donnell, Dorothy T.",Ap #632-6624 Sapien. Ave,Miami,FL,62782,10/23/1973,2237783141,odonnelldorothyt@yahoo.com,credit,5.52462E+15,11,2025
11111194,864537006,"Nguyen, Kai P.","P.O. Box 336, 5486 Massa. St.",Orlando,FL,36565,1/6/1994,8037054427,nguyenkaip@gmail.com,credit,4.46852E+15,9,2024
11111195,824842997,"Carrillo, Luke T.",798-9491 Aliquet Rd.,Green Bay,WI,75465,7/12/1991,9664844344,carrilloluket9468@gmail.com,credit,5.38369E+15,2,2025
11111196,512810923,"Donaldson, Wilma L.",8085 Fames Avenue,Nampa,ID,43643,6/26/1975,4131142405,donaldsonwilmal@hotmail.com,credit,5.53812E+15,11,2026
11111197,818490466,"Huber, Graiden T.",Ap #681-569 Senectus Street,Lowell,MA,87241,7/24/1997,8586136067,hubergraident8626@hotmail.com,credit,5.09542E+15,2,2023
11111198,944992884,"Simmons, Aidan W.",Ap #692-1044 Tortor. Rd.,Green Bay,WI,53175,11/22/1999,8228325455,simmonsaidanw@hotmail.com,credit,4.36019E+15,10,2025
11111199,559639226,"Armstrong, Sage Q.",7434 Sapien. Rd.,Orlando,FL,54568,11/29/1985,169786095,armstrongsageq@gmail.com,credit,4.67616E+15,5,2024
11111200,463169621,"Brennan, Hoyt S.","P.O. Box 202, 5365 Aliquam St.",Olathe,KS,69158,11/22/1998,5322836527,brennanhoyts9757@gmail.com,credit,4.77393E+15,3,2024
11111201,550350743,"Howe, Cameron I.",773-8695 Faucibus Avenue,West Jordan,UT,48338,4/8/2000,9768923256,howecameroni@hotmail.com,credit,6.37709E+15,7,2025
11111202,708350868,"Hoover, Jared U.","464-9991 Cursus, Rd.",Cincinnati,OH,11784,5/10/1970,7246978290,hooverjaredu@gmail.com,credit,6.40538E+15,5,2023
11111203,925254569,"Rollins, Ria V.",Ap #555-4401 Vel Av.,Missoula,MT,52117,2/23/1999,214231837,rollinsriav@gmail.com,credit,6.61811E+15,4,2026
11111204,539348412,"Hays, Arthur C.",Ap #570-1934 Ac Av.,Toledo,OH,38821,2/25/1994,9776127645,haysarthurc@gmail.com,credit,5.48279E+15,6,2023
11111205,597990274,"Prince, Charles P.",614-6307 Turpis St.,Nampa,ID,50710,4/20/1970,252478876,princecharlesp4369@yahoo.com,credit,4.67815E+15,7,2025
11111206,904727775,"Washington, Quentin U.",485 Sed Av.,Springdale,AR,71119,10/6/1994,8769078813,washingtonquentinu@gmail.com,credit,6.13073E+15,10,2025
11111207,614985814,"Shannon, Gray T.",Ap #740-1888 Cursus St.,Fort Worth,TX,22971,10/25/1976,8314013510,shannongrayt1693@gmail.com,credit,5.77688E+15,5,2026
11111208,579678686,"Gregory, Gail U.",196-2683 Curae St.,Springdale,AR,71264,6/18/1969,8759772168,gregorygailu1178@yahoo.com,credit,5.93326E+15,10,2025
11111209,673641979,"Clay, Olivia G.",Ap #853-8143 Ipsum. Street,Dover,DE,42951,5/18/1975,8310149237,clayoliviag@hotmail.com,credit,6.28693E+15,6,2025
11111210,911528585,"Livingston, Fiona X.",7917 Erat Road,Lexington,KY,68951,6/5/1970,3897239282,livingstonfionax2286@yahoo.com,credit,4.84577E+15,7,2025
11111211,783197420,"Rodriguez, Jonas T.",654-5000 Blandit Street,Nashville,TN,96481,12/5/1997,7736025207,rodriguezjonast@yahoo.com,credit,6.08203E+15,10,2023
11111212,824159091,"Lara, Rashad J.",Ap #876-2812 Aliquet Rd.,Lawton,OK,86500,4/24/1971,6666813247,lararashadj@gmail.com,credit,4.51785E+15,8,2025
11111213,602918231,"Reeves, Plato O.",Ap #721-1370 Sed Rd.,Hartford,CT,31186,6/28/1984,9642457374,reevesplatoo1361@yahoo.com,credit,6.11903E+15,10,2024
11111214,902311470,"Wagner, Giselle M.",Ap #593-5284 Luctus St.,Gaithersburg,MD,71644,5/22/1997,5770900928,wagnergisellem7153@gmail.com,credit,4.23255E+15,10,2024
11111215,542339026,"Mcpherson, Lucius J.","P.O. Box 118, 2099 Curabitur Rd.",Rochester,MN,73484,10/31/1968,1257184889,mcphersonluciusj5477@yahoo.com,credit,5.37227E+15,1,2024
11111216,504570962,"Lewis, Valentine N.",6750 Blandit Rd.,Kearney,NE,31547,3/10/1987,4968923026,lewisvalentinen@gmail.com,credit,5.33376E+15,6,2026
11111217,514055533,"Ochoa, Ezekiel C.",Ap #538-4201 Velit. Avenue,Rock Springs,WY,84824,8/17/1987,7400535832,ochoaezekielc622@yahoo.com,credit,4.35037E+15,8,2025
11111218,423909142,"Hamilton, Ishmael N.",Ap #936-9407 Iaculis Avenue,Boston,MA,39887,6/29/1995,3733327333,hamiltonishmaeln2731@yahoo.com,credit,5.12711E+15,6,2024
11111219,538551380,"Fleming, Montana Q.","P.O. Box 980, 3719 Lacinia. St.",Butte,MT,50921,10/9/1982,3823285661,flemingmontanaq@gmail.com,credit,4.50738E+15,7,2023
11111220,796771369,"Woodard, Eliana P.","P.O. Box 872, 5579 Molestie Ave",Chicago,IL,63785,6/26/1973,2283837938,woodardelianap@gmail.com,credit,4.61558E+15,4,2025
11111221,578917290,"Wolfe, Christine I.",Ap #861-2794 Erat St.,Newport News,VA,30397,4/24/1970,1041582238,wolfechristinei@yahoo.com,credit,5.34898E+15,4,2025
11111222,698602023,"Patel, Wyoming D.",Ap #338-6670 Augue St.,Reading,PA,89634,8/18/1984,6102021566,patelwyomingd2806@yahoo.com,credit,6.25533E+15,11,2025
11111223,530525101,"Vasquez, Rhoda V.","P.O. Box 994, 3912 Ultrices Av.",Bellevue,WA,61344,2/1/1987,2853516347,vasquezrhodav8471@yahoo.com,credit,4.40901E+15,7,2024
11111224,487905547,"Solis, Marsden D.",Ap #256-3984 Hymenaeos. Rd.,Fayetteville,AR,72060,5/10/1985,4171734356,solismarsdend2317@yahoo.com,credit,4.71657E+15,8,2024
11111225,897372302,"Wright, Castor W.",724-4394 Sed St.,Madison,WI,55100,7/15/1984,8838230287,wrightcastorw94@hotmail.com,credit,6.28221E+15,2,2024
11111226,618128165,"Chan, Alec F.",Ap #949-1602 Neque Avenue,Pike Creek,DE,43558,1/20/1992,6773650670,chanalecf9089@gmail.com,credit,5.8075E+15,7,2025
11111227,628367492,"Hernandez, Curran R.",Ap #972-4131 Senectus Av.,Mobile,AL,35866,7/30/1974,8736256046,hernandezcurranr6945@hotmail.com,credit,5.89079E+15,3,2025
11111228,602458681,"Larsen, Cara Z.","7788 Vel, Av.",Eugene,OR,81624,9/29/1979,3258143877,larsencaraz4279@yahoo.com,credit,5.33163E+15,10,2025
11111229,571378442,"Hartman, Clare D.",Ap #772-2115 Lorem Rd.,Anchorage,AK,99796,2/10/1997,5874444236,hartmanclared@hotmail.com,credit,4.2756E+15,1,2026
11111230,433377285,"Valencia, Noelle I.","P.O. Box 403, 2735 Rhoncus Avenue",Glendale,AZ,85931,5/9/1970,2767116551,valencianoellei@hotmail.com,credit,5.43842E+15,9,2023
11111231,638543419,"Gordon, Dieter M.",139-9060 Sed Rd.,Idaho Falls,ID,89356,10/22/1991,9253747368,gordondieterm3234@yahoo.com,credit,6.06413E+15,5,2024
11111232,431802424,"Jarvis, Fuller V.","Ap #207-9850 Ante, Street",Annapolis,MD,42321,9/29/1976,8086833315,jarvisfullerv7016@yahoo.com,credit,4.67898E+15,9,2026
11111233,756203184,"Velez, Lesley A.","P.O. Box 952, 9434 Sit Road",Fresno,CA,95549,9/21/1995,2187641967,velezlesleya7026@yahoo.com,credit,5.71396E+15,7,2026
11111234,888691998,"Poole, Danielle T.",158-4363 Ligula. Street,West Valley City,UT,95288,4/19/1982,1802871834,pooledaniellet@gmail.com,credit,5.62735E+15,10,2024
11111235,687259249,"Booth, Cheyenne C.","P.O. Box 539, 6280 Lorem Ave",Hattiesburg,MS,26071,1/17/1969,1410496736,boothcheyennec6287@yahoo.com,credit,5.52908E+15,11,2025
11111236,981583128,"Sheppard, Jared A.",995 Sed Street,Worcester,MA,43434,4/19/1983,3777267661,sheppardjareda@gmail.com,credit,5.68644E+15,8,2024
11111237,786614293,"Curry, Keith E.",8010 Varius Road,Boston,MA,22867,7/12/1973,5076511871,currykeithe@hotmail.com,credit,4.31869E+15,5,2026
11111238,693800845,"Murray, Daphne B.",Ap #151-1208 Ornare. Av.,Kailua,HI,29121,11/3/1987,4788817628,murraydaphneb@hotmail.com,credit,6.14125E+15,10,2023
11111239,773911901,"Hogan, Heidi P.",904 Ipsum. Avenue,Reading,PA,98577,4/5/1970,7672560898,hoganheidip6087@gmail.com,credit,4.44303E+15,10,2024
11111240,740365908,"Warner, Germane A.",Ap #490-5371 Quam Rd.,Columbia,MD,35775,1/9/1988,6779368857,warnergermanea@hotmail.com,credit,5.80345E+15,5,2026
11111241,847953507,"Hines, Ainsley H.",645-2379 Tellus. St.,Kansas City,MO,37827,3/29/1989,8688846588,hinesainsleyh@hotmail.com,credit,4.42524E+15,7,2024
11111242,621792590,"Howard, Oliver E.","P.O. Box 748, 8338 Magna Street",Owensboro,KY,71278,1/30/1998,8287867229,howardolivere@gmail.com,credit,5.88678E+15,12,2025
11111243,585698843,"Forbes, Kylie O.","P.O. Box 858, 1435 Donec St.",Saint Paul,MN,96276,4/8/1983,6477133133,forbeskylieo@yahoo.com,credit,5.13514E+15,1,2024
11111244,554110274,"Carpenter, Anastasia N.",Ap #715-611 Urna. Road,Salem,OR,98251,3/22/1975,4152342852,carpenteranastasian@hotmail.com,credit,4.66628E+15,10,2026
11111245,603186406,"Howell, Bryar I.",493-1577 Nec Rd.,Green Bay,WI,47722,12/8/1983,742116026,howellbryari8387@hotmail.com,credit,6.44456E+15,4,2023
11111246,615927905,"Tillman, Yen C.",220-734 Consectetuer Avenue,Tulsa,OK,40079,9/19/1974,9244275144,tillmanyenc@yahoo.com,credit,6.53257E+15,1,2026
11111247,465975408,"Graves, Giselle Q.",516-3224 Enim. St.,Henderson,NV,74818,9/27/1982,6255108679,gravesgiselleq@gmail.com,credit,5.55398E+15,2,2025
11111248,934477315,"Britt, Calvin O.",Ap #452-6210 Dui. Ave,San Jose,CA,91315,2/7/1981,8252567785,brittcalvino924@yahoo.com,credit,6.31662E+15,4,2023
11111249,726143733,"Franco, Giselle B.",Ap #933-1132 Pede. Street,Frederick,MD,74832,3/24/1999,4614272126,francogiselleb@gmail.com,credit,6.24942E+15,2,2024
11111250,541757449,"Glover, Madison L.","P.O. Box 180, 7984 Nec, Road",Kapolei,HI,83626,6/22/1998,1507873337,glovermadisonl@yahoo.com,credit,4.29708E+15,11,2024
11111251,736644357,"Delgado, Gannon S.",626-2863 Aliquet St.,Bellevue,NE,64355,2/5/1975,5813186928,delgadogannons@gmail.com,credit,5.71303E+15,11,2024
11111252,438102975,"Ballard, Geraldine X.",Ap #774-3751 Aenean Rd.,Grand Island,NE,55211,9/2/1973,8334798289,ballardgeraldinex@gmail.com,credit,5.76518E+15,1,2025
11111253,511030032,"Hines, Cassady U.","P.O. Box 536, 4422 Tellus St.",Fort Worth,TX,77759,12/20/1981,9275322383,hinescassadyu8925@yahoo.com,credit,5.22167E+15,11,2025
11111254,720514385,"Valenzuela, Tallulah K.",8294 Nisl. Rd.,Lakewood,CO,91377,11/6/1980,7849221382,valenzuelatallulahk6821@gmail.com,credit,4.67337E+15,6,2025
11111255,977242970,"Richmond, Levi D.",559-898 Ut St.,Jefferson City,MO,41545,5/10/1989,5798754074,richmondlevid@yahoo.com,credit,5.75282E+15,7,2024
11111256,782414574,"Mack, Steven A.",Ap #291-8449 Eleifend. Rd.,Olympia,WA,16818,6/25/1982,4028511438,mackstevena2512@yahoo.com,credit,5.62115E+15,10,2025
11111257,466801046,"Cochran, Kerry N.",734-4917 Odio Av.,Minneapolis,MN,45182,6/10/1968,1026322433,cochrankerryn@yahoo.com,credit,4.60197E+15,10,2024
11111258,883194407,"Chambers, Luke Q.",Ap #483-2820 Nisl Avenue,College,AK,99739,7/28/1996,3861399112,chamberslukeq@gmail.com,credit,4.50882E+15,1,2024
11111259,891644096,"Herrera, Fritz D.",Ap #544-4473 Elit Street,Mesa,AZ,86356,10/22/1983,6716153667,herrerafritzd@gmail.com,credit,6.40607E+15,10,2025
11111260,794373547,"Goff, Ila V.",559-4133 Nam Av.,Grand Island,NE,13789,5/9/1997,1037887669,goffilav@gmail.com,credit,6.27793E+15,6,2023
11111261,835402751,"Carey, Henry D.",982-8164 Ligula Avenue,Lawton,OK,85652,1/7/1990,7398638543,careyhenryd8053@yahoo.com,credit,6.55938E+15,11,2025
11111262,974154542,"Raymond, Rahim K.",229-4042 Vulputate Av.,Hattiesburg,MS,83267,11/28/1974,8233823759,raymondrahimk@gmail.com,credit,5.90708E+15,6,2025
11111263,430303995,"Wheeler, Mechelle K.",Ap #293-7767 Neque Rd.,Fort Smith,AR,71585,3/4/1994,6580586416,wheelermechellek9362@hotmail.com,credit,4.71163E+15,10,2023
11111264,579114013,"Webster, Isadora M.",684-9561 Placerat Avenue,Gresham,OR,21321,9/26/1976,5557374215,websterisadoram@hotmail.com,credit,5.97582E+15,2,2024
11111265,537724874,"Burris, Chase U.",273-3030 Odio. Avenue,Dover,DE,53801,10/19/1995,1485318414,burrischaseu85@yahoo.com,credit,5.50629E+15,5,2026
11111266,845760530,"Massey, Demetria P.",Ap #957-6910 Ante Avenue,Lawton,OK,45516,6/1/1989,1457885870,masseydemetriap2227@yahoo.com,credit,5.47697E+15,6,2025
11111267,713988111,"Morin, Victoria X.",Ap #880-3991 Etiam St.,Warren,MI,76232,4/9/1999,2684935672,morinvictoriax2105@hotmail.com,credit,4.70658E+15,4,2023
11111268,549834025,"Farrell, Silas W.",Ap #812-710 Massa. St.,Lowell,MA,23441,9/14/1977,4227375624,farrellsilasw6291@yahoo.com,credit,4.86607E+15,6,2024
11111269,452914462,"Sloan, Madison P.",8026 Sed Av.,Seattle,WA,53128,4/17/1969,1652133753,sloanmadisonp4211@gmail.com,cash,4.23263E+15,,
11111270,977874393,"Richards, Talon B.",Ap #875-3898 Nunc. St.,Augusta,ME,67683,12/28/1998,7278218845,richardstalonb8824@gmail.com,debit,4.74505E+15,3,2024
11111271,687655576,"Mclean, Raven M.",Ap #932-6447 Velit St.,Tallahassee,FL,74352,6/29/1977,2513977746,mcleanravenm5678@gmail.com,debit,5.68421E+15,10,2024
11111272,850703691,"May, Deacon S.",Ap #746-1924 Sem Road,Dallas,TX,72333,3/20/1997,1867565581,maydeacons1294@yahoo.com,credit,4.66247E+15,8,2026
11111273,703634583,"Kirby, Farrah G.",405-8464 Lobortis. Rd.,Stamford,CT,73638,12/10/1988,9553872547,kirbyfarrahg@gmail.com,credit,6.47971E+15,2,2025
11111274,939370798,"Irwin, Aurora K.",9994 Iaculis Road,Allentown,PA,68612,8/18/1970,2217226247,irwinaurorak@hotmail.com,credit,4.26596E+15,7,2026
11111275,913096289,"Ware, Beau N.",489-3588 Non Rd.,Houston,TX,21947,4/17/1971,4573140425,warebeaun@hotmail.com,credit,5.36333E+15,5,2025
11111276,734682836,"Grimes, Lev E.",968-3085 Metus. Rd.,College,AK,99882,3/6/1975,5538714564,grimesleve4845@hotmail.com,credit,6.45579E+15,8,2024
11111277,831608020,"Witt, Liberty H.",Ap #127-3621 Arcu. Road,Colchester,VT,92271,5/3/1995,4434648096,wittlibertyh@gmail.com,credit,4.67161E+15,7,2024
11111278,826059316,"Fitzgerald, Orson J.",Ap #200-4916 Nisi Street,Gary,IN,88838,4/13/1980,3232588824,fitzgeraldorsonj@gmail.com,credit,5.32885E+15,8,2024
11111279,863711112,"Fletcher, Arden O.",804-2225 Ornare. Avenue,Pocatello,ID,58622,1/26/2000,1651166134,fletcherardeno2715@yahoo.com,credit,6.64912E+15,1,2024
11111280,580773441,"Mitchell, Garrison C.",Ap #151-8558 Egestas. Road,Salem,OR,82351,1/31/1987,6067768323,mitchellgarrisonc6951@yahoo.com,credit,4.84762E+15,4,2025
11111281,927203922,"Chandler, Hollee L.","133-9605 Aliquet, Road",Baltimore,MD,22637,10/22/1983,7762283631,chandlerholleel5787@hotmail.com,credit,4.27844E+15,4,2024
11111282,415976883,"Beach, Timon B.",Ap #255-4674 Donec St.,Columbia,MD,58299,2/8/1972,5516781946,beachtimonb9277@yahoo.com,credit,5.12989E+15,6,2023
11111283,707858118,"Lynn, Camden S.",Ap #553-7648 Rhoncus. Rd.,Great Falls,MT,68643,6/6/1972,4217480683,lynncamdens3827@gmail.com,credit,6.40525E+15,9,2024
11111284,888822217,"Powers, Orla E.",Ap #897-7439 Augue Av.,Dallas,TX,60009,11/13/1974,2451907446,powersorlae@hotmail.com,credit,5.45154E+15,5,2024
11111285,803323254,"Robertson, Joan Z.",938-4111 Magna. Street,Pittsburgh,PA,77979,8/27/1972,6313733540,robertsonjoanz5210@yahoo.com,credit,4.34713E+15,5,2026
11111286,558569447,"Anderson, Catherine O.","P.O. Box 665, 5730 Morbi Rd.",Hartford,CT,51458,7/26/1976,8970264562,andersoncatherineo@gmail.com,credit,5.46132E+15,2,2024
11111287,644639890,"Phelps, Lunea Y.",Ap #485-117 Ipsum Road,Lexington,KY,68454,11/9/1999,3850517383,phelpsluneay2399@hotmail.com,credit,5.77732E+15,7,2024
11111288,631070387,"Peck, Summer L.","656-9775 Est, Rd.",Kaneohe,HI,90997,2/11/1969,5935437041,pecksummerl9499@yahoo.com,credit,4.32516E+15,10,2025
11111289,655713828,"Brooks, Audrey I.",771-8603 Mauris Rd.,Erie,PA,99884,11/7/1980,7337683515,brooksaudreyi@yahoo.com,credit,5.10463E+15,3,2024
11111290,589845101,"Leach, Jameson T.",Ap #489-9276 Arcu Road,Chandler,AZ,86374,1/13/1998,7114414223,leachjamesont@yahoo.com,credit,5.42337E+15,1,2024
11111291,455893759,"Kelley, Tatiana N.",Ap #841-4606 Luctus Avenue,Fort Wayne,IN,48777,9/24/1990,1808438962,kelleytatianan2127@yahoo.com,credit,5.08899E+15,10,2024
11111292,687290054,"Key, Erich L.",643-1962 Ac Ave,Colchester,VT,75311,7/1/1990,4057697616,keyerichl9467@hotmail.com,credit,6.173E+15,4,2024
11111293,511223627,"Hanson, Ocean R.",521-7648 Et St.,Portland,ME,60413,2/28/1987,7312726051,hansonoceanr@yahoo.com,credit,4.40646E+15,1,2025
11111294,966185290,"Kirby, Lila H.",Ap #445-5575 Semper Road,Columbus,GA,25373,6/7/1999,7888628068,kirbylilah@hotmail.com,credit,5.07382E+15,5,2025
11111295,874937523,"Tate, Harriet A.",7645 Mauris Road,Mesa,AZ,86367,8/13/1999,6498864847,tateharrieta5242@gmail.com,credit,4.5715E+15,7,2026
11111296,531284657,"Goodwin, Allegra D.",602-1139 Lacus Rd.,Nampa,ID,46487,5/15/1982,7219359714,goodwinallegrad@yahoo.com,credit,4.91209E+15,9,2025
11111297,678425379,"Wagner, McKenzie S.",Ap #354-5928 Nascetur Avenue,Augusta,ME,59434,10/26/1982,5512514074,wagnermckenzies@gmail.com,credit,5.2231E+15,4,2024
11111298,572563999,"Hendricks, Keith E.",7051 Gravida Street,San Jose,CA,92316,1/27/1977,5476326265,hendrickskeithe4237@gmail.com,credit,4.77447E+15,10,2025
11111299,453947078,"Solomon, Vivien Y.",473-5269 Orci St.,Anchorage,AK,99908,10/31/1972,5804303229,solomonvivieny7268@gmail.com,credit,6.64321E+15,5,2025
11111300,474704284,"Hubbard, Ginger J.",Ap #455-3553 Turpis Av.,Portland,OR,53628,8/12/1984,6877874476,hubbardgingerj@hotmail.com,credit,4.91102E+15,4,2025
11111301,859130981,"Todd, Macy X.",4020 Malesuada Rd.,Chesapeake,VA,47216,6/6/1991,4738924812,toddmacyx4893@gmail.com,credit,4.39781E+15,7,2024
11111302,552576755,"Goodman, Quamar L.",955-1963 Arcu. Avenue,Eugene,OR,82357,5/30/1976,6691837062,goodmanquamarl@gmail.com,credit,6.59187E+15,2,2024
11111303,512492717,"Burgess, Byron E.","P.O. Box 593, 8146 Non Rd.",Provo,UT,31492,7/11/1972,1667444269,burgessbyrone@hotmail.com,credit,6.39611E+15,6,2026
11111304,837162839,"Key, Audrey I.",214-3872 Consequat Rd.,Kailua,HI,23063,3/17/1984,3476872971,keyaudreyi@hotmail.com,credit,5.39984E+15,7,2024
11111305,884813412,"Wong, Hope P.",2464 Commodo Av.,College,AK,99634,7/8/1974,845602911,wonghopep4473@hotmail.com,credit,5.72389E+15,9,2024
11111306,509274978,"Calhoun, Brent Q.",5351 Ut Ave,Southaven,MS,35236,4/30/1983,2261306691,calhounbrentq6198@yahoo.com,credit,6.08222E+15,6,2023
11111307,496551997,"Lawrence, Reese L.",6243 Donec Ave,Hartford,CT,65651,3/23/1977,9545408129,lawrencereesel2031@gmail.com,credit,6.14747E+15,5,2024
11111308,852409209,"Crosby, Dorian O.",199-7145 Aliquam Street,San Diego,CA,91084,4/4/1999,1097112478,crosbydoriano@hotmail.com,credit,5.57189E+15,2,2025
11111309,533836639,"Kirk, Emmanuel E.",Ap #291-5003 Dictum. St.,San Jose,CA,91444,5/13/1987,3871087854,kirkemmanuele9298@gmail.com,credit,6.0017E+15,9,2025
11111310,722792540,"Mccarty, Fitzgerald G.",551-4619 Cubilia Street,Vancouver,WA,44041,3/12/1997,1142265457,mccartyfitzgeraldg8467@gmail.com,credit,4.93414E+15,3,2026
11111311,934292755,"Soto, Chava P.","P.O. Box 908, 5589 Pharetra Road",Lewiston,ME,36815,2/17/1986,684937510,sotochavap@hotmail.com,credit,5.65199E+15,6,2026
11111312,944204486,"Carey, Jescie V.","144-3341 Elit, Av.",Denver,CO,73273,9/25/1978,7141787333,careyjesciev6488@gmail.com,credit,6.42441E+15,12,2025
11111313,589757107,"Snider, Guy P.","P.O. Box 448, 2882 Justo Road",Harrisburg,PA,68700,7/8/1994,1918624407,sniderguyp4454@yahoo.com,credit,5.63054E+15,12,2024
11111314,617567110,"Weber, Palmer I.",261-741 Tempus Avenue,Newark,DE,45708,6/23/1969,1556505703,weberpalmeri5797@hotmail.com,credit,5.81827E+15,4,2025
11111315,969136397,"Jordan, Dai C.",115-6884 Lorem Road,Nampa,ID,42870,7/24/1983,1892083451,jordandaic9846@hotmail.com,credit,6.62124E+15,7,2026
11111316,450777335,"Ochoa, Xander D.","Ap #983-5385 Amet, Avenue",St. Petersburg,FL,83957,4/28/1995,4286232956,ochoaxanderd4821@gmail.com,credit,4.6623E+15,3,2024
11111317,481815055,"Acosta, Steven G.",9440 Congue Rd.,Knoxville,TN,86109,5/31/1992,39671461,acostasteveng9660@yahoo.com,credit,4.80066E+15,3,2025
11111318,641603618,"Mcfadden, Ray G.",Ap #576-6978 Augue Ave,Evansville,IN,62324,2/15/1992,6772198942,mcfaddenrayg@yahoo.com,credit,5.59681E+15,10,2024
11111319,838908862,"Watson, Solomon C.",565-9255 Duis Road,Montgomery,AL,35597,8/25/1990,1332025048,watsonsolomonc@yahoo.com,credit,5.7825E+15,3,2024
11111320,745157463,"Kirkland, Tyler C.",737 Rutrum St.,Columbus,GA,98759,7/6/1968,8258353681,kirklandtylerc@gmail.com,credit,5.31175E+15,8,2024
11111321,596896821,"Owen, Elton T.",574-9277 Congue Av.,Virginia Beach,VA,88618,1/6/1969,1226011757,oweneltont@hotmail.com,credit,5.53791E+15,8,2024
11111322,510454002,"Mccall, Joshua S.","P.O. Box 854, 3896 Aliquam Rd.",Gresham,OR,11608,3/9/1999,3956231882,mccalljoshuas@yahoo.com,credit,4.54887E+15,11,2024
11111323,913662934,"Cabrera, Nehru D.","P.O. Box 855, 2057 Et, St.",Grand Rapids,MI,92967,7/11/1996,5482780356,cabreranehrud491@gmail.com,credit,6.1143E+15,11,2025
11111324,431769057,"Ochoa, Farrah Y.",Ap #511-8901 Rutrum St.,Orlando,FL,76591,5/12/1986,9713195314,ochoafarrahy@yahoo.com,credit,4.83209E+15,11,2024
11111325,814242471,"Collier, Sydnee W.","179-3527 Elit, St.",Columbus,GA,52964,2/5/1977,7517428670,colliersydneew6227@yahoo.com,credit,6.20039E+15,9,2026
11111326,557302847,"Parsons, Quintessa Q.",188-6884 Varius Ave,Essex,VT,80979,10/21/1981,663219845,parsonsquintessaq@yahoo.com,credit,4.33662E+15,2,2023
11111327,842659356,"Hess, Felix T.","Ap #271-6314 Vulputate, Ave",Portland,ME,58468,11/14/1987,9516378488,hessfelixt@hotmail.com,credit,5.53694E+15,1,2026
11111328,430663215,"Holder, Sydney O.",Ap #235-7847 Venenatis Ave,Sioux City,IA,79571,9/1/1988,4374769551,holdersydneyo@hotmail.com,credit,5.13977E+15,3,2024
11111329,708905407,"Fischer, Gary F.","955-823 Elementum, St.",Fayetteville,AR,72012,4/16/1998,8624615961,fischergaryf@gmail.com,credit,5.70087E+15,8,2024
11111330,776549806,"Cook, August P.",Ap #134-9261 Natoque St.,Joliet,IL,72097,8/26/1994,7828341956,cookaugustp4335@gmail.com,credit,5.62365E+15,7,2026
11111331,530851493,"Horton, Micah U.",Ap #902-8123 Ipsum St.,Reading,PA,82946,3/12/1978,401657214,hortonmicahu5098@gmail.com,credit,6.33359E+15,6,2025
11111332,453012994,"Gray, Sawyer M.",Ap #716-3131 Fringilla Avenue,Racine,WI,39618,10/10/1989,5171856502,graysawyerm4383@gmail.com,credit,6.43931E+15,11,2024
11111333,637565191,"Mason, Felix U.",Ap #909-3129 Phasellus Rd.,Saint Paul,MN,92142,1/31/1989,6243885893,masonfelixu@gmail.com,credit,4.92675E+15,8,2025
11111334,763387124,"Jones, Iola Z.",Ap #371-9080 Fusce Rd.,Gaithersburg,MD,17517,2/3/1979,8978578658,jonesiolaz2669@yahoo.com,credit,6.51838E+15,3,2023
11111335,892402558,"Maldonado, Conan K.",542-230 Dolor St.,South Portland,ME,88978,5/5/1974,3004706428,maldonadoconank@hotmail.com,credit,5.79431E+15,2,2024
11111336,686460722,"Ford, Tanek Y.",Ap #676-2258 Eget Av.,Fort Wayne,IN,61431,8/28/1973,2145534110,fordtaneky7042@gmail.com,credit,5.27276E+15,1,2024
11111337,879314952,"Marsh, Uriel E.","Ap #159-5691 Quam, Av.",Oklahoma City,OK,69045,10/10/1971,3398225191,marshuriele4040@yahoo.com,credit,6.41039E+15,9,2024
11111338,723237308,"Calhoun, Xaviera V.",813-9900 Ac Road,New Haven,CT,47477,9/30/1988,3246281732,calhounxavierav@hotmail.com,credit,5.17353E+15,3,2026
11111339,732434056,"Lawrence, Vladimir Q.",Ap #536-6404 Tincidunt Rd.,Topeka,KS,83911,12/26/1993,2102133024,lawrencevladimirq6308@yahoo.com,credit,6.4255E+15,3,2023
11111340,965688706,"Norton, Samson Y.","2365 Et, Street",Paradise,NV,31324,6/18/1980,1098387163,nortonsamsony@yahoo.com,credit,4.99165E+15,10,2025
11111341,941652015,"Whitfield, Adam G.",625-5220 Erat Rd.,Lansing,MI,25434,9/21/1997,5532411852,whitfieldadamg8161@gmail.com,credit,6.26877E+15,3,2024
11111342,684239529,"Valdez, Pandora Y.",2021 Cum Rd.,Eugene,OR,52186,1/2/1985,5846716686,valdezpandoray@yahoo.com,credit,5.78369E+15,8,2025
11111343,943750501,"Lang, Pamela R.","P.O. Box 301, 5584 Fringilla Street",Shreveport,LA,24247,8/26/1992,487513606,langpamelar9359@gmail.com,credit,5.86828E+15,5,2024
11111344,910923786,"Delacruz, Ishmael I.","P.O. Box 365, 9347 Praesent St.",Bowling Green,KY,27042,11/18/1991,4067534702,delacruzishmaeli@yahoo.com,credit,4.4071E+15,8,2026
11111345,830723213,"Robinson, Nora T.",Ap #235-9336 Nulla Rd.,Hartford,CT,35649,1/2/1986,6122225765,robinsonnorat2268@yahoo.com,credit,4.77952E+15,8,2024
11111346,707835097,"Cook, Oren Y.",150-220 Rutrum. Street,North Las Vegas,NV,91209,8/7/1976,8626017818,cookoreny@hotmail.com,credit,5.36537E+15,6,2025
11111347,979091413,"Mckinney, Pandora O.","P.O. Box 437, 5857 Augue Rd.",Tuscaloosa,AL,35566,3/13/1981,244619666,mckinneypandorao@yahoo.com,credit,5.84522E+15,11,2024
11111348,633948733,"Spencer, Murphy B.","P.O. Box 690, 4989 Eleifend, Avenue",Baltimore,MD,39836,12/2/1968,7460966147,spencermurphyb@gmail.com,credit,5.84901E+15,1,2023
11111349,622849985,"Simmons, Idona O.",7389 Vitae St.,San Antonio,TX,84766,4/5/1988,9767147468,simmonsidonao530@yahoo.com,credit,5.8705E+15,5,2024
11111350,643469766,"Gaines, Judith C.","P.O. Box 687, 5214 Mauris. Rd.",Milwaukee,WI,55360,4/25/2000,8474170204,gainesjudithc@yahoo.com,credit,6.05156E+15,7,2025
11111351,746976485,"Blair, Janna U.",Ap #570-9338 Aliquam Avenue,Kaneohe,HI,89264,4/13/1979,7282766733,blairjannau@gmail.com,credit,5.46686E+15,2,2024
11111352,525426515,"Mercado, Idona P.","Ap #552-9915 Non, Road",Mesa,AZ,86157,10/17/1984,8133667282,mercadoidonap8945@gmail.com,credit,6.16373E+15,11,2025
11111353,462595887,"Gallagher, Brenden J.",Ap #804-338 Orci Rd.,Tallahassee,FL,16676,6/17/1996,4173652245,gallagherbrendenj2586@yahoo.com,credit,4.60791E+15,2,2024
11111354,691819213,"Whitley, Aladdin O.","5935 Aliquam, Street",Pocatello,ID,34159,2/20/1973,3773682619,whitleyaladdino@yahoo.com,credit,5.33322E+15,12,2025
11111355,635958677,"Cline, MacKensie N.","8245 A, Rd.",Lowell,MA,55386,7/14/1982,9572577881,clinemackensien4037@hotmail.com,credit,5.41993E+15,2,2024
11111356,865488884,"Willis, Shafira M.",524-2573 Eget Street,Wichita,KS,85233,3/13/1978,7311841916,willisshafiram@hotmail.com,credit,4.71158E+15,10,2026
11111357,633298144,"Price, Kiona I.",522-7564 Risus. Av.,Auburn,ME,31336,5/9/1977,7677615372,pricekionai@hotmail.com,credit,5.19312E+15,4,2024
11111358,830300271,"Sweet, Quentin G.","P.O. Box 764, 4987 Euismod Av.",Jacksonville,FL,35151,6/2/1990,7422579273,sweetquenting@gmail.com,credit,5.71858E+15,10,2023
11111359,773165733,"Reilly, Hayes Q.",456-8937 Nam Avenue,Naperville,IL,12201,9/2/1999,3775024252,reillyhayesq@yahoo.com,credit,4.74785E+15,7,2024
11111360,873620202,"Blanchard, Irene B.","P.O. Box 924, 8397 Amet, Ave",Topeka,KS,73458,5/15/1987,8160216161,blanchardireneb@hotmail.com,credit,5.31882E+15,10,2025
11111361,847744321,"Cole, Samson T.",524-6241 Sed Street,Richmond,VA,81017,4/5/1999,6411764267,colesamsont@yahoo.com,credit,4.90585E+15,3,2025
11111362,963487643,"Kirkland, Callum J.",Ap #966-9464 Nulla Rd.,Phoenix,AZ,85481,2/17/1994,124339192,kirklandcallumj@yahoo.com,credit,4.58765E+15,4,2026
11111363,966752507,"Sanders, Rhonda T.","P.O. Box 295, 5955 Integer Road",Toledo,OH,75191,7/28/1980,1340165177,sandersrhondat1676@yahoo.com,credit,4.5068E+15,5,2026
11111364,737510567,"Burgess, Jayme P.","768-6817 Lacus, Street",Biloxi,MS,57817,3/12/1997,4281302154,burgessjaymep9726@hotmail.com,credit,5.19799E+15,8,2026
11111365,967879528,"Lowe, Jelani X.","P.O. Box 338, 1206 Sed, Ave",Fort Collins,CO,54436,7/17/1979,24355659,lowejelanix@yahoo.com,credit,5.94189E+15,3,2024
11111366,647778736,"Sharp, Natalie T.",Ap #418-2674 Risus. St.,Sterling Heights,MI,96217,8/25/1971,3048583812,sharpnataliet7701@gmail.com,credit,5.02473E+15,9,2024
11111367,971460709,"O'donnell, Tanner Z.",Ap #646-7258 Curae St.,Lansing,MI,70212,5/18/1988,3219228215,odonnelltannerz7691@hotmail.com,credit,4.86907E+15,8,2024
11111368,751456296,"Charles, Slade G.","735-9418 Convallis, St.",Tampa,FL,35220,1/15/1982,5830255478,charlessladeg@gmail.com,credit,6.0222E+15,1,2025
11111369,974760805,"Adkins, Hiram L.",228-9678 Fames St.,Grand Island,NE,88533,2/29/1988,6362287323,adkinshiraml989@gmail.com,credit,5.20385E+15,11,2025
11111370,847550769,"Mccullough, Daryl B.",869-7797 Nam Rd.,Kansas City,KS,24146,4/6/1973,3720389528,mcculloughdarylb@hotmail.com,credit,4.78809E+15,4,2024
11111371,643770952,"Cardenas, Linus C.",925-9441 Magnis Av.,New Orleans,LA,22622,8/29/1998,2116167284,cardenaslinusc@hotmail.com,credit,4.99479E+15,8,2026
11111372,428559527,"Hebert, Alden N.","P.O. Box 869, 526 Eu St.",Cedar Rapids,IA,21355,7/6/1974,7549526623,hebertaldenn6468@gmail.com,credit,6.24566E+15,1,2025
11111373,569377644,"Price, Jescie Q.",2247 Enim St.,Springdale,AR,71313,5/25/1984,4476165143,pricejescieq@yahoo.com,credit,5.77195E+15,6,2026
11111374,420168160,"Garrison, Isaac S.",Ap #694-3196 Et St.,Houston,TX,70056,6/22/1985,2340204260,garrisonisaacs@gmail.com,credit,6.6272E+15,3,2026
11111375,419012207,"Norris, Axel O.","Ap #931-9136 Aliquet, St.",Carson City,NV,22617,10/20/1975,5371829062,norrisaxelo@hotmail.com,credit,5.1925E+15,5,2023
11111376,659032698,"Weber, Alice G.","P.O. Box 727, 7565 Mauris Avenue",Pike Creek,DE,23858,2/27/1993,8174422597,weberaliceg2406@yahoo.com,credit,6.41857E+15,1,2024
11111377,666106190,"Villarreal, Miriam K.",655-695 Libero Road,Rochester,MN,38194,6/19/1994,1102865148,villarrealmiriamk@gmail.com,credit,4.3466E+15,3,2024
11111378,591338236,"Hess, Wynter R.",382-3185 Dui Road,Pocatello,ID,20924,2/18/1978,3517872007,hesswynterr@gmail.com,credit,6.60774E+15,2,2025
11111379,757576753,"Bright, Jelani Q.",3844 Per Rd.,Joliet,IL,52771,12/6/1986,6871961319,brightjelaniq@yahoo.com,credit,4.95567E+15,1,2024
11111380,679306630,"Mann, Francis F.","P.O. Box 709, 4578 Magna. Av.",Missoula,MT,62167,5/19/1977,7706435478,mannfrancisf1760@hotmail.com,credit,5.30791E+15,5,2025
11111381,874192844,"Reynolds, Nina I.",Ap #267-3561 Nisi. Avenue,Georgia,GA,71422,3/11/1988,1385367016,reynoldsninai7811@yahoo.com,credit,6.13166E+15,11,2024
11111382,692852064,"Potts, Vladimir G.",769-1170 Mollis. Rd.,Gresham,OR,24914,1/30/1995,3486067140,pottsvladimirg@hotmail.com,credit,6.18584E+15,5,2023
11111383,521670764,"Harris, Kelsey Z.",606-6056 Habitant St.,Montgomery,AL,36513,7/30/1973,855458101,harriskelseyz2405@gmail.com,credit,4.74717E+15,3,2024
11111384,485398226,"Richards, Orson X.",Ap #653-4724 Natoque Road,Green Bay,WI,38844,3/8/1983,7625114386,richardsorsonx8623@yahoo.com,credit,5.32738E+15,1,2024
11111385,887143329,"Davenport, Lynn S.","P.O. Box 768, 1647 Est Rd.",Eugene,OR,45963,5/23/1981,1782785712,davenportlynns5073@gmail.com,credit,4.88751E+15,8,2025
11111386,840742060,"Lamb, Tanner B.",8558 Mauris Av.,Dallas,TX,78164,3/5/1992,8787566902,lambtannerb282@yahoo.com,credit,6.0634E+15,7,2024
11111387,835988904,"Rivera, Caesar G.","P.O. Box 445, 5036 Feugiat Ave",Chandler,AZ,85635,4/25/1977,2061204433,riveracaesarg@yahoo.com,credit,5.10639E+15,2,2025
11111388,763652556,"Pate, Lev I.","553-6558 Imperdiet, St.",Flint,MI,42473,1/13/1970,6846711463,patelevi@gmail.com,credit,5.77481E+15,5,2025
11111389,854449580,"Jennings, Jillian B.",Ap #734-4000 Sit Street,Fort Worth,TX,21731,3/14/1985,5253611118,jenningsjillianb@gmail.com,credit,6.44997E+15,7,2025
11111390,834601696,"Haynes, Sylvester Z.",Ap #422-7651 Aliquam Street,Sacramento,CA,94286,4/24/1975,5625625023,haynessylvesterz@hotmail.com,credit,6.16498E+15,11,2025
11111391,557166322,"Clark, Hamish E.",969-615 Arcu Avenue,Bangor,ME,60280,5/9/1978,7292844833,clarkhamishe@hotmail.com,credit,5.42461E+15,8,2025
11111392,663561140,"Dominguez, Lucian Q.",2427 Elementum Av.,Worcester,MA,61819,11/27/1973,2875118349,dominguezlucianq4369@hotmail.com,credit,4.99251E+15,3,2026
11111393,698252328,"Downs, Aphrodite T.",Ap #313-7251 Fusce Ave,Auburn,ME,81118,4/5/1981,1808794648,downsaphroditet@yahoo.com,credit,5.43685E+15,2,2025
11111394,816458423,"Fulton, Martena H.",573-962 Augue Rd.,Athens,GA,77770,2/3/1981,3267048115,fultonmartenah@hotmail.com,credit,5.03608E+15,10,2025
11111395,415718362,"Vance, Fallon K.",962-324 Congue Ave,Knoxville,TN,80021,5/22/1999,5578029583,vancefallonk@yahoo.com,credit,5.82246E+15,9,2024
11111396,612414976,"Wilcox, Timon L.",596-5820 Dapibus Street,Grand Rapids,MI,47933,1/13/1976,3218385703,wilcoxtimonl@hotmail.com,credit,6.35761E+15,5,2025
11111397,417821426,"Richards, Cedric E.",288-9249 Arcu Rd.,Colorado Springs,CO,45672,1/30/1998,6561881183,richardscedrice@hotmail.com,credit,6.10877E+15,3,2025
11111398,624425656,"Russell, Norman G.",341-8479 Donec Rd.,Springfield,MA,71330,9/22/1974,9124111418,russellnormang3356@yahoo.com,credit,5.82932E+15,10,2024
11111399,651863588,"Wilkerson, Dominique D.",3443 Fusce Avenue,Memphis,TN,20534,5/26/1976,5981627132,wilkersondominiqued7547@yahoo.com,credit,4.81696E+15,6,2025
11111400,480067832,"Duncan, Fredericka O.",Ap #500-2751 Magna. St.,West Valley City,UT,37472,12/29/1991,6138845238,duncanfrederickao@gmail.com,credit,6.3378E+15,5,2026
11111401,579309031,"Rivas, Yuri C.",654-8575 Diam Avenue,Norman,OK,65265,5/27/1973,5475419131,rivasyuric@yahoo.com,credit,4.30872E+15,6,2025
11111402,949330529,"Brennan, Deacon N.",972-8680 Tincidunt Avenue,Bear,DE,10016,3/20/1980,2477131536,brennandeaconn7171@gmail.com,credit,5.33636E+15,6,2024
11111403,762378811,"Lewis, Rafael O.","P.O. Box 397, 5542 Risus St.",Spokane,WA,86163,6/3/1997,2211226286,lewisrafaelo@hotmail.com,credit,4.37754E+15,3,2026
11111404,657281540,"Daugherty, Rhona A.",Ap #324-9409 Sollicitudin Street,Knoxville,TN,26123,11/23/1996,4288888567,daughertyrhonaa2187@gmail.com,credit,4.68851E+15,5,2024
11111405,848300279,"Hickman, Xavier P.",Ap #883-2248 Et Rd.,Broken Arrow,OK,72451,10/24/1983,5787129634,hickmanxavierp109@hotmail.com,credit,4.8639E+15,5,2025
11111406,436089409,"Wiley, Joseph T.",813-3468 Eu Street,Metairie,LA,65328,11/14/1993,6944149688,wileyjosepht8976@yahoo.com,credit,4.92736E+15,1,2024
11111407,759064981,"Harrington, Marvin I.","P.O. Box 136, 4327 Arcu. Av.",Rockville,MD,10889,1/29/1972,3655463157,harringtonmarvini@yahoo.com,credit,5.46853E+15,7,2026
11111408,984788629,"Davis, Basil T.",Ap #296-5419 Donec Av.,Fort Worth,TX,17893,8/22/1979,2831186801,davisbasilt@hotmail.com,credit,5.64645E+15,2,2025
11111409,921687206,"Myers, Harlan P.",Ap #864-8402 Magna Rd.,Seattle,WA,32865,7/17/1973,5576564182,myersharlanp8464@hotmail.com,credit,6.66233E+15,10,2024
11111410,737417529,"Bentley, Emma B.",6257 Eget St.,Metairie,LA,28134,6/30/1972,1626682714,bentleyemmab@hotmail.com,credit,5.21537E+15,4,2023
11111411,502152943,"Campos, Ignacia Y.",Ap #913-8041 Pharetra Rd.,Wichita,KS,66417,10/6/1994,8998467472,camposignaciay2297@gmail.com,credit,4.43765E+15,1,2024
11111412,964081808,"Wood, Colorado Q.",121-7557 Dapibus Avenue,Duluth,MN,35819,8/13/1996,3643767666,woodcoloradoq@hotmail.com,cash,,,
11111413,963964042,"Rasmussen, Karleigh O.","P.O. Box 612, 9324 Fringilla Road",Miami,FL,76172,2/18/1969,2954467041,rasmussenkarleigho3003@yahoo.com,debit,6.36306E+15,5,2023
11111414,456336359,"Gomez, Thomas D.",9105 A Rd.,West Valley City,UT,58751,2/14/2000,3261225934,gomezthomasd6123@gmail.com,cash,,,
11111415,525213230,"Cole, Patrick L.",953-6868 Ac Road,Lexington,KY,67800,9/24/1987,6338704230,colepatrickl@hotmail.com,credit,5.34527E+15,10,2024
11111416,657316828,"Rasmussen, Zachary F.","P.O. Box 388, 8363 Donec St.",Aurora,CO,52244,8/15/1977,5268864596,rasmussenzacharyf@yahoo.com,credit,6.11329E+15,7,2024
11111417,586483351,"Parker, Upton N.",Ap #138-8949 Ornare Av.,Bellevue,NE,23653,9/17/1978,2312980367,parkeruptonn@yahoo.com,credit,4.23709E+15,8,2023
11111418,949737144,"Hayes, Harper D.","961-3319 At, Rd.",New Haven,CT,45435,10/14/1980,4461025723,hayesharperd@yahoo.com,credit,5.55247E+15,3,2025
11111419,549826155,"Cummings, Keegan H.",266-5115 Eleifend Avenue,Sacramento,CA,94023,8/31/1980,2742561941,cummingskeeganh@hotmail.com,credit,6.23277E+15,6,2023
11111420,641889478,"Avery, Grant I.",Ap #722-5134 Ligula St.,Allentown,PA,73665,5/1/1998,7472616321,averygranti2536@yahoo.com,credit,4.46599E+15,9,2025
11111421,836350967,"Emerson, Timon V.",448-5300 Turpis St.,Sandy,UT,88871,7/15/1995,4877163146,emersontimonv2484@gmail.com,credit,4.44604E+15,7,2025
11111422,549860512,"Martin, Ginger P.",626-1943 Mauris Rd.,Kaneohe,HI,48397,5/25/1992,3322683274,martingingerp5104@gmail.com,credit,6.0985E+15,4,2023
11111423,825743930,"Finley, Damon T.",366-9216 Nonummy. St.,Los Angeles,CA,92234,12/20/1987,5425758076,finleydamont@hotmail.com,credit,5.35765E+15,11,2024
11111424,772932921,"Nolan, Basia T.",Ap #227-4019 Metus Avenue,Hilo,HI,46188,12/22/1993,4149765171,nolanbasiat1098@hotmail.com,credit,5.71932E+15,11,2023
11111425,651588044,"Guzman, Flynn G.","Ap #182-6131 Non, Street",Clarksville,TN,76819,5/21/1978,1109977795,guzmanflynng@yahoo.com,credit,4.92176E+15,11,2025
11111426,693097459,"Wilcox, Hedley C.","Ap #820-7776 Montes, Street",Athens,GA,76251,1/9/1996,1155464668,wilcoxhedleyc2448@hotmail.com,credit,5.16577E+15,3,2026
11111427,609188802,"Giles, Emi L.",863-9178 Lorem Road,Rockford,IL,60775,1/14/1994,1864242385,gilesemil@hotmail.com,credit,6.03886E+15,5,2024
11111428,437307076,"Mccullough, Grady N.",Ap #475-3881 Sem Road,Montgomery,AL,35092,12/1/1987,1219262054,mcculloughgradyn2478@hotmail.com,credit,5.74597E+15,2,2025
11111429,742822614,"Schmidt, Xyla B.",776-8985 Consectetuer Avenue,Fort Worth,TX,38154,3/21/1978,7575734048,schmidtxylab6900@hotmail.com,credit,5.47913E+15,10,2025
11111430,611344974,"Black, Felix A.",Ap #158-1533 Egestas. Av.,Knoxville,TN,27653,5/9/1981,1383146359,blackfelixa8072@hotmail.com,credit,4.86727E+15,9,2026
11111431,759230198,"Turner, Neville D.",279 Ante Ave,Casper,WY,52814,5/24/1994,6083491346,turnernevilled7114@yahoo.com,credit,5.34188E+15,6,2025
11111432,662616984,"Thompson, Alec X.",Ap #653-9875 Et Street,Jackson,MS,88542,8/25/1993,2785829765,thompsonalecx7750@hotmail.com,credit,5.45471E+15,2,2025
11111433,463508889,"Day, Xena N.",519-5255 Ante Av.,Bloomington,MN,89252,1/30/2000,4126101275,dayxenan@gmail.com,credit,5.41924E+15,9,2024
11111434,497254405,"Mullins, Declan L.",286-9066 Id Rd.,Austin,TX,93372,12/1/1973,8881084673,mullinsdeclanl8915@gmail.com,credit,5.06884E+15,2,2026
11111435,942314475,"Giles, Emi T.",2437 Aliquam Rd.,Lansing,MI,63423,8/18/1999,5662943531,gilesemit3179@gmail.com,credit,4.45555E+15,2,2025
11111436,445997277,"Mclaughlin, Minerva O.",Ap #192-6422 Auctor. Av.,Atlanta,GA,28783,10/19/1995,3416624253,mclaughlinminervao5181@hotmail.com,credit,4.54299E+15,4,2025
11111437,487985374,"Avery, Katell Y.","P.O. Box 873, 9468 Posuere Road",Juneau,AK,99875,11/26/1990,5930652482,averykatelly8618@hotmail.com,credit,6.4393E+15,2,2025
11111438,666116848,"Cantu, Eric B.",4576 Iaculis Rd.,Bloomington,MN,65884,5/16/1984,7014346560,cantuericb@gmail.com,credit,4.6057E+15,3,2024
11111439,529152126,"Cross, Lenore C.","P.O. Box 916, 430 Mauris Av.",Virginia Beach,VA,86546,3/18/1993,7445771737,crosslenorec6605@hotmail.com,credit,4.7839E+15,11,2025
11111440,669761070,"Wooten, Dacey F.","P.O. Box 105, 2337 Amet Road",Reno,NV,63624,4/23/1988,1621671678,wootendaceyf@yahoo.com,credit,6.44795E+15,10,2025
11111441,874814334,"Gibson, Keiko Q.",Ap #913-3549 Eget Avenue,Cedar Rapids,IA,99443,10/19/1978,7795766211,gibsonkeikoq@hotmail.com,credit,6.00421E+15,7,2025
11111442,816494230,"Burgess, Caleb N.",121-1135 Lectus Av.,South Bend,IN,85849,10/4/1968,1548396889,burgesscalebn@hotmail.com,credit,5.93011E+15,4,2024
11111443,757405579,"Carver, Elvis H.",334-8295 Et Street,Newport News,VA,46850,3/2/1973,4390644418,carverelvish2374@yahoo.com,credit,5.86525E+15,6,2023
11111444,667576220,"Houston, Courtney N.",Ap #907-4906 Sit Road,Helena,MT,16353,2/4/1983,8671288908,houstoncourtneyn294@gmail.com,credit,6.51956E+15,9,2023
11111445,853450738,"Jones, Zeus E.","867-3281 Amet, Road",Memphis,TN,23345,4/16/1983,5634816472,joneszeuse@yahoo.com,credit,6.51741E+15,9,2023
11111446,469016250,"Bowman, Mira T.","P.O. Box 307, 8896 Urna, St.",Gresham,OR,21927,9/7/1982,5981212451,bowmanmirat@gmail.com,credit,5.93612E+15,2,2024
11111447,498026086,"Mcmillan, Vladimir J.",Ap #695-1391 Quisque Road,Racine,WI,22777,9/26/1996,1670555435,mcmillanvladimirj8777@gmail.com,credit,4.59769E+15,3,2025
11111448,984255651,"Barrera, Ulla K.","1394 Vulputate, Rd.",San Francisco,CA,90664,7/3/1992,1235368845,barreraullak3584@gmail.com,credit,6.41154E+15,3,2023
11111449,792951798,"Davidson, Michelle U.","Ap #217-3316 Elit, Street",Covington,KY,48720,5/31/1979,6970165435,davidsonmichelleu@yahoo.com,credit,6.1922E+15,2,2026
11111450,482306421,"Shepherd, Fitzgerald T.",Ap #260-652 Gravida Road,Louisville,KY,17231,2/16/1974,6487111211,shepherdfitzgeraldt6406@gmail.com,credit,4.44212E+15,11,2025
11111451,749378843,"Foley, Gannon Z.",819-1095 Purus Rd.,Savannah,GA,38587,9/18/1978,1461271063,foleygannonz3446@gmail.com,credit,6.31508E+15,5,2025
11111452,886408445,"Pace, Basia D.",Ap #700-7190 Et Ave,Omaha,NE,80210,2/5/1973,5207025175,pacebasiad2323@hotmail.com,credit,5.50681E+15,9,2025
11111453,441284133,"Blackburn, Hall I.","P.O. Box 320, 2353 Et St.",Newark,DE,40604,2/15/1988,6755687156,blackburnhalli3550@hotmail.com,credit,6.31256E+15,2,2024
11111454,555623242,"Howe, Brynne J.",6289 Duis Rd.,Richmond,VA,26367,10/10/1969,2784745316,howebrynnej4683@hotmail.com,credit,6.57309E+15,3,2024
11111455,894306216,"Macias, Chloe F.",Ap #646-5917 Purus St.,Fort Collins,CO,68504,2/3/1974,4798227712,maciaschloef@gmail.com,credit,6.31151E+15,1,2026
11111456,821445352,"Rosales, Lillith Z.","P.O. Box 992, 1771 Mauris Ave",Montpelier,VT,67113,2/1/1988,5486710637,rosaleslillithz485@gmail.com,credit,5.97032E+15,6,2025
11111457,958142900,"Tillman, Yuli C.",Ap #844-7931 Eu St.,South Bend,IN,24332,11/26/1997,297453555,tillmanyulic@hotmail.com,credit,6.52476E+15,4,2025
11111458,857886744,"Burgess, Elton B.","P.O. Box 498, 8618 Justo Av.",Norfolk,VA,28539,4/14/1983,4573074586,burgesseltonb@yahoo.com,credit,5.26515E+15,5,2025
11111459,949720902,"Keith, Rhoda E.",409-5098 Ipsum Street,Honolulu,HI,34746,12/22/1984,3544773527,keithrhodae@hotmail.com,credit,5.93169E+15,3,2025
11111460,661920834,"Page, Zane J.",299 Placerat St.,San Diego,CA,95604,10/23/1990,1276527375,pagezanej@yahoo.com,credit,5.44834E+15,3,2025
11111461,636709734,"Noel, Jolene E.","P.O. Box 570, 1814 Dui Road",Butte,MT,86714,2/20/1969,7637247175,noeljolenee@yahoo.com,credit,5.10333E+15,8,2025
11111462,502747858,"Hansen, Maggie V.","P.O. Box 957, 8451 Nulla St.",Pike Creek,DE,89551,7/13/1998,3700168142,hansenmaggiev8066@yahoo.com,credit,6.43211E+15,8,2026
11111463,819139718,"Rojas, Charlotte S.",678-9680 Hendrerit St.,Naperville,IL,36639,10/27/1981,1388364422,rojascharlottes@gmail.com,credit,4.39381E+15,2,2025
11111464,515329914,"Sellers, Carly Z.",524-3175 Lobortis St.,Cheyenne,WY,38204,7/31/1992,5852953522,sellerscarlyz1309@gmail.com,credit,4.24378E+15,2,2024
11111465,782426795,"Crawford, Wesley U.","194-143 Ut, Avenue",Nampa,ID,52577,4/26/1990,4154872249,crawfordwesleyu9598@yahoo.com,credit,6.12545E+15,10,2026
11111466,508152268,"Bolton, Christopher R.","P.O. Box 606, 6770 Venenatis Street",Mesa,AZ,86448,3/15/1987,1547230881,boltonchristopherr@yahoo.com,credit,6.24555E+15,12,2024
11111467,969665864,"Booth, Clare O.",Ap #494-8918 Nullam Av.,Tulsa,OK,61868,7/11/1993,8324300895,boothclareo@hotmail.com,credit,4.66259E+15,9,2023
11111468,448457175,"Jacobson, Jaquelyn M.",119-6042 Quis Av.,Aurora,CO,12147,7/2/1995,948204073,jacobsonjaquelynm@hotmail.com,credit,5.17929E+15,4,2024
11111469,736453995,"Riley, Nehru R.","103-7964 Aliquam, Avenue",Pocatello,ID,60239,1/17/1992,1246165257,rileynehrur8312@yahoo.com,credit,4.32857E+15,7,2024
11111470,666050909,"Hull, Mark J.",200-1543 Aliquam Street,Aurora,CO,67081,5/31/1975,5421313775,hullmarkj9007@hotmail.com,credit,6.14483E+15,11,2023
11111471,984903302,"Mccall, Zenaida S.",Ap #468-1599 Magna Road,Tucson,AZ,85667,4/8/1992,2633386662,mccallzenaidas@yahoo.com,credit,4.53658E+15,7,2025
11111472,965691941,"Spence, Merritt J.",Ap #848-6600 Sed Avenue,Hartford,CT,34463,12/15/1981,8162731536,spencemerrittj5569@gmail.com,credit,5.65893E+15,9,2026
11111473,553601625,"Owen, Alan J.",Ap #238-4164 Curabitur St.,Green Bay,WI,18714,2/24/1989,1186787850,owenalanj3496@yahoo.com,credit,5.50742E+15,1,2025
11111474,861890368,"Christian, Hermione S.",Ap #619-7307 Elementum Street,Hattiesburg,MS,54061,7/7/1982,4296477246,christianhermiones@yahoo.com,credit,5.93656E+15,7,2025
11111475,692665695,"Cochran, Angelica M.",Ap #976-604 Nec Av.,Provo,UT,51865,2/28/1974,8651272875,cochranangelicam@hotmail.com,credit,5.13209E+15,6,2025
11111476,509237766,"Stokes, Kirby C.",608-3082 Eget St.,Lexington,KY,64268,4/17/1992,8237665253,stokeskirbyc4539@yahoo.com,credit,5.6518E+15,3,2026
11111477,716102357,"Mccullough, Kasimir W.",980-277 Lacus Road,Laramie,WY,24426,12/1/1982,8136525252,mcculloughkasimirw4496@gmail.com,credit,6.12061E+15,3,2025
11111478,898398771,"Duncan, Deborah I.",1438 Sit Av.,Tampa,FL,75975,9/28/1971,384354994,duncandeborahi@yahoo.com,credit,6.55997E+15,4,2023
11111479,856030638,"Lyons, James M.",570-6817 Ipsum St.,Duluth,MN,74863,8/6/1975,6839914676,lyonsjamesm@yahoo.com,credit,6.38259E+15,6,2023
11111480,514637177,"Pollard, Macy F.",Ap #440-5561 Orci. Ave,Virginia Beach,VA,45072,12/22/1969,7285178463,pollardmacyf@yahoo.com,credit,5.0294E+15,4,2025
11111481,624283479,"Ingram, Rana B.","Ap #999-1976 Quis, Rd.",Overland Park,KS,66661,7/22/1994,5654376433,ingramranab@gmail.com,credit,6.12822E+15,8,2026
11111482,817567708,"Kim, Igor A.","Ap #443-4297 Elit, St.",Davenport,IA,62026,3/3/1982,4301046222,kimigora7828@hotmail.com,credit,5.94003E+15,7,2024
11111483,729576985,"Logan, Hope K.",Ap #927-8041 Fusce Avenue,Columbia,MO,52239,6/3/1986,4816670522,loganhopek2681@hotmail.com,credit,5.73959E+15,12,2026
11111484,487628954,"Malone, Ulysses H.",1155 Lacus. Rd.,Sandy,UT,35251,11/18/1986,5837672634,maloneulyssesh9956@gmail.com,credit,5.39146E+15,6,2023
11111485,958781159,"Branch, Tad C.",Ap #814-4995 Tellus Street,Mesa,AZ,85247,1/31/1981,4679956481,branchtadc@hotmail.com,credit,5.37155E+15,11,2024
11111486,967806219,"Raymond, Kennedy T.","P.O. Box 854, 6017 Nunc Av.",Mesa,AZ,85152,6/16/1980,3633835675,raymondkennedyt@yahoo.com,credit,5.51912E+15,9,2025
11111487,491123017,"Trevino, Dorothy I.",Ap #383-619 Lacus St.,Olathe,KS,26313,8/2/1989,5516685973,trevinodorothyi@hotmail.com,credit,4.46332E+15,3,2025
11111488,634015588,"Marsh, Hermione W.",Ap #922-4851 Sociis St.,South Burlington,VT,82688,3/5/1978,2672946739,marshhermionew1760@yahoo.com,credit,4.58877E+15,6,2026
11111489,940042477,"Gutierrez, Imogene F.",819-2059 Inceptos Av.,Vancouver,WA,62929,9/13/1983,4442828678,gutierrezimogenef@gmail.com,credit,5.22295E+15,11,2024
11111490,523177236,"Hernandez, Steven J.","P.O. Box 833, 2950 Eros Av.",Athens,GA,65446,5/4/1977,2920645307,hernandezstevenj6613@gmail.com,credit,5.11045E+15,4,2025
11111491,745435741,"Fleming, Aurora U.",204-3175 Mauris. St.,Gresham,OR,91230,12/28/1975,6304466075,flemingaurorau@hotmail.com,credit,4.40641E+15,12,2025
11111492,708005714,"Dudley, Cora A.","P.O. Box 722, 1560 Curabitur St.",Hattiesburg,MS,47311,8/22/1976,8191412467,dudleycoraa5841@hotmail.com,credit,5.94332E+15,9,2025
11111493,743201487,"Neal, Giselle V.",143-9851 Eget Avenue,Dover,DE,91381,7/28/1972,5380614514,nealgisellev@gmail.com,credit,6.20173E+15,11,2024
11111494,489449434,"Michael, Frances N.","Ap #744-2766 Nec, Road",Kailua,HI,71616,6/2/1969,9772453264,michaelfrancesn@hotmail.com,credit,4.57942E+15,3,2024
11111495,752466102,"Copeland, Quamar P.",Ap #390-4284 In Road,Worcester,MA,15726,10/22/1973,5840787656,copelandquamarp5757@yahoo.com,credit,6.60069E+15,6,2025
11111496,744925796,"Thomas, Odessa H.",Ap #277-1952 Cum Street,Joliet,IL,23196,3/10/1994,9575649979,thomasodessah5356@yahoo.com,credit,6.48903E+15,1,2026
11111497,722779427,"Mccormick, Lois D.",Ap #727-5942 Purus Street,Hattiesburg,MS,73147,7/13/1996,1290286840,mccormickloisd@gmail.com,credit,5.07996E+15,7,2025
11111498,446641182,"Palmer, Clarke G.","532-612 Nec, Rd.",Helena,MT,28663,9/7/1994,5219085726,palmerclarkeg7617@gmail.com,credit,5.25301E+15,9,2024
11111499,725892877,"Reed, Lawrence O.",Ap #901-1819 Arcu St.,Lowell,MA,76262,5/7/1989,6638214674,reedlawrenceo1057@hotmail.com,credit,5.81633E+15,2,2025
11111500,599043966,"Henson, Minerva Z.",9938 Quis Rd.,Erie,PA,75171,9/25/1985,1255135072,hensonminervaz2427@gmail.com,credit,6.22599E+15,3,2025
11111501,412469596,"Gallagher, Lacy Q.",4825 Vestibulum St.,Cambridge,MA,26246,7/24/1990,3839753573,gallagherlacyq@gmail.com,credit,5.30699E+15,1,2024
11111502,452352906,"Mccoy, George O.",685-1927 Pretium St.,Newark,DE,68278,4/10/1993,3681715325,mccoygeorgeo9829@hotmail.com,credit,6.06759E+15,12,2025
11111503,447450484,"Wilkerson, Audrey X.",Ap #188-9964 Gravida. St.,Duluth,MN,53925,3/13/1982,7314554615,wilkersonaudreyx6958@hotmail.com,credit,6.55835E+15,12,2024
11111504,966636291,"Mejia, Inga S.","P.O. Box 731, 2783 Placerat Av.",Portland,ME,75182,5/3/1974,1847258397,mejiaingas4104@yahoo.com,credit,6.43997E+15,1,2024
11111505,581042552,"Dillon, Rana X.",391-1323 Habitant Rd.,Sterling Heights,MI,53155,6/15/1984,4688174576,dillonranax@gmail.com,credit,6.01087E+15,9,2024
11111506,558225647,"Gallagher, Myra C.",Ap #108-2927 Aenean Rd.,Norfolk,VA,72715,11/13/1979,3433311883,gallaghermyrac5486@yahoo.com,credit,6.4794E+15,12,2025
11111507,707299634,"Merritt, Ebony C.",887-6375 Accumsan St.,Columbus,OH,27830,5/7/1973,755848082,merrittebonyc@yahoo.com,credit,5.2031E+15,9,2024
11111508,547773848,"Dejesus, Harrison Z.","P.O. Box 541, 1195 Ligula Av.",Lexington,KY,83398,2/2/1992,8376556001,dejesusharrisonz5615@gmail.com,credit,5.28036E+15,2,2026
11111509,943433289,"Tyler, Aimee X.",109-7309 Cubilia Rd.,Flint,MI,39442,5/6/1986,4234623282,tyleraimeex6956@gmail.com,credit,6.49167E+15,2,2024
11111510,467651964,"Woodward, Ivan L.",311-9784 Lorem Rd.,Wilmington,DE,26148,2/28/1978,3473626616,woodwardivanl6171@yahoo.com,credit,5.81709E+15,1,2025
11111511,762226575,"Santiago, Sybil Q.",237-8238 Natoque Road,Cedar Rapids,IA,92875,6/16/1987,7445378156,santiagosybilq@hotmail.com,credit,5.47007E+15,11,2023
11111512,894015715,"Chen, Alexa P.",1813 Quis Street,New Haven,CT,53223,1/18/1992,3427512671,chenalexap@yahoo.com,credit,5.28357E+15,10,2023
11111513,749415967,"Woods, Kenyon K.",8349 Sed Ave,Broken Arrow,OK,45353,10/24/1991,9653574228,woodskenyonk@hotmail.com,credit,5.71601E+15,9,2025
11111514,650635750,"Riley, Caesar W.","P.O. Box 976, 389 Ante Avenue",Meridian,ID,63915,1/31/1973,5685404555,rileycaesarw3979@gmail.com,credit,4.7961E+15,3,2024
11111515,932523104,"Allen, Mara H.",437-6095 Mollis. Street,Knoxville,TN,53438,11/3/1974,3276129336,allenmarah@hotmail.com,credit,5.96306E+15,9,2023
11111516,908079079,"Sheppard, Kerry I.",692-6156 Egestas Rd.,Fresno,CA,94908,4/2/1985,7287622658,sheppardkerryi@gmail.com,credit,6.14271E+15,5,2026
11111517,617897083,"Peck, Beatrice B.","P.O. Box 142, 4675 Iaculis, Rd.",Fort Wayne,IN,69591,12/17/1995,1787765000,peckbeatriceb@yahoo.com,credit,4.55294E+15,5,2024
11111518,504182187,"Stark, Arsenio K.",699-1814 Vitae Av.,Gaithersburg,MD,84810,4/8/1977,3148725263,starkarseniok@yahoo.com,credit,4.8915E+15,7,2026
11111519,528675537,"Barrera, John P.",4201 Aliquam Rd.,Metairie,LA,43422,1/9/1999,6827192991,barrerajohnp279@gmail.com,credit,4.96685E+15,10,2025
11111520,476517806,"Church, Jamal N.",913-8205 Adipiscing Rd.,Lakewood,CO,65077,7/7/1992,382815502,churchjamaln@gmail.com,credit,6.19391E+15,6,2025
11111521,829156133,"Browning, Amelia A.",639-5772 Placerat. Avenue,Reading,PA,32421,2/3/1970,1355455331,browningameliaa917@yahoo.com,credit,6.3391E+15,10,2023
11111522,925715710,"Petersen, Dieter X.",2801 Diam Street,Mobile,AL,36302,12/16/1979,7467573188,petersendieterx7111@hotmail.com,credit,4.22467E+15,3,2026
11111523,467084574,"Hooper, Hayes R.",133-8927 Pellentesque Avenue,Fayetteville,AR,71465,5/24/1973,7567595061,hooperhayesr8064@hotmail.com,credit,5.85086E+15,7,2024
11111524,937725286,"Silva, Oprah Q.",Ap #943-2509 Neque St.,Fort Collins,CO,29045,5/12/1993,5582454320,silvaoprahq8113@gmail.com,credit,4.74084E+15,4,2026
11111525,824435415,"Foreman, Kimberley Q.",Ap #248-1327 Sit Street,Rochester,MN,83258,4/30/1976,2205537223,foremankimberleyq5836@hotmail.com,credit,6.07412E+15,9,2025
11111526,853601046,"Marshall, Merritt B.",Ap #727-2605 Amet Street,Kearney,NE,39934,6/19/1987,8773745347,marshallmerrittb8790@gmail.com,credit,4.24205E+15,9,2026
11111527,434296843,"Soto, Dolan R.","P.O. Box 888, 6846 Sociis Rd.",Racine,WI,32759,6/25/1992,3405676330,sotodolanr3021@yahoo.com,credit,5.41349E+15,2,2026
11111528,426298625,"Grimes, Brett F.",3177 Nullam St.,Mesa,AZ,85584,5/10/1980,4220241730,grimesbrettf5874@yahoo.com,credit,6.49018E+15,8,2024
11111529,567467543,"Reese, Tanya G.",3558 Ut Rd.,Honolulu,HI,89482,2/27/1994,2326517681,reesetanyag@hotmail.com,credit,4.62544E+15,9,2025
11111530,824204929,"Robinson, Cailin Y.",Ap #195-5001 Curae Street,Salem,OR,95042,5/17/1993,3596211392,robinsoncailiny7190@gmail.com,credit,5.3403E+15,4,2024
11111531,923490024,"Mclaughlin, Regina P.",5819 Velit St.,Savannah,GA,72535,10/16/1989,4218521942,mclaughlinreginap@gmail.com,credit,5.86871E+15,5,2025
11111532,643817488,"Weiss, Ronan D.",1962 Pulvinar Av.,Billings,MT,66687,4/13/1988,3122704770,weissronand@yahoo.com,credit,4.59101E+15,2,2024
11111533,691964751,"Matthews, Ira G.","Ap #161-2291 Eu, Street",Portland,OR,50326,7/20/1999,7475473046,matthewsirag@hotmail.com,credit,6.48891E+15,5,2026
11111534,571589795,"Long, Marah Q.",308-6508 Luctus Road,Norman,OK,77022,2/22/1973,8844918248,longmarahq@gmail.com,credit,6.63443E+15,1,2024
11111535,956731476,"Jenkins, Darrel K.",Ap #481-1392 Magna St.,Kansas City,KS,35904,2/26/1991,6363170881,jenkinsdarrelk@hotmail.com,credit,5.78485E+15,2,2025
11111536,846341039,"Pugh, Jesse L.",156-7997 Urna. Av.,Stamford,CT,76425,11/20/1968,8773389266,pughjessel892@gmail.com,credit,6.3595E+15,2,2025
11111537,935991314,"Newton, Zeus H.",Ap #958-8407 Aliquam Road,Bozeman,MT,26454,11/13/1984,8111897653,newtonzeush7879@hotmail.com,credit,5.58891E+15,6,2024
11111538,747562344,"May, Conan R.","6240 Laoreet, Street",Augusta,GA,56277,6/18/1997,3055666827,mayconanr9634@yahoo.com,credit,6.6422E+15,6,2023
11111539,792413447,"Hanson, Cathleen M.",339-1551 Orci St.,Juneau,AK,99755,12/6/1987,2184206633,hansoncathleenm@gmail.com,credit,6.15319E+15,9,2024
11111540,730180546,"James, Sheila K.",5727 Mollis Avenue,Cleveland,OH,71664,5/22/1970,7620822111,jamessheilak@gmail.com,credit,6.59542E+15,3,2026
11111541,906593744,"Gates, Carolyn E.","350-6796 Non, Road",South Portland,ME,67851,2/4/1997,6149050276,gatescarolyne@yahoo.com,credit,6.34994E+15,1,2024
11111542,917730425,"House, Cathleen K.",Ap #915-129 Ac Avenue,Wichita,KS,96673,3/25/2000,5247101455,housecathleenk2762@hotmail.com,credit,6.15477E+15,2,2024
11111543,553555924,"Cervantes, Imelda U.",531-8983 Eget Road,Hattiesburg,MS,38355,1/28/1978,6539084818,cervantesimeldau1029@gmail.com,credit,5.00991E+15,9,2025
11111544,963141172,"Hernandez, Freya V.",Ap #314-218 Velit St.,Idaho Falls,ID,19727,3/9/1984,5321934385,hernandezfreyav@hotmail.com,credit,4.64383E+15,4,2023
11111545,822816955,"Ramsey, Eaton P.","391-8916 At, Rd.",Kailua,HI,54761,9/26/1988,2489912662,ramseyeatonp@hotmail.com,credit,5.76137E+15,10,2025
11111546,971734836,"Mckee, Ursa I.","Ap #207-5480 Et, Rd.",South Burlington,VT,25153,5/8/1985,2877433644,mckeeursai3371@hotmail.com,credit,4.64934E+15,4,2024
11111547,420595395,"Knapp, Kermit Y.",Ap #750-3300 Eget St.,Bridgeport,CT,88665,10/20/1993,4863232484,knappkermity@gmail.com,credit,4.78398E+15,10,2025
11111548,674503906,"Hurst, Lareina N.",Ap #529-5181 Litora St.,Bloomington,MN,34387,3/9/1980,838424330,hurstlareinan@hotmail.com,credit,4.90814E+15,10,2026
11111549,591686791,"Patton, Ariel R.","P.O. Box 167, 1002 Amet St.",Boston,MA,12434,5/10/1992,1346502158,pattonarielr@hotmail.com,credit,6.1387E+15,6,2025
11111550,611978220,"Espinoza, Beatrice G.",Ap #406-981 Ac Av.,Gresham,OR,27389,6/19/1997,8322603134,espinozabeatriceg2042@gmail.com,credit,5.43785E+15,7,2025
11111551,843505259,"Wilkins, Christine N.","P.O. Box 614, 1197 Vitae, Rd.",South Bend,IN,77776,1/20/1987,6447441882,wilkinschristinen62@gmail.com,credit,5.98523E+15,8,2023
11111552,695128281,"Curtis, September O.",3920 Tristique Ave,Fort Wayne,IN,25266,11/26/1968,2833175767,curtisseptembero930@yahoo.com,credit,6.10332E+15,10,2024
11111553,730271309,"Deleon, Rooney M.",618-571 Morbi Rd.,Savannah,GA,44129,9/25/1991,1438275417,deleonrooneym7859@gmail.com,credit,4.81313E+15,2,2025
11111554,949604479,"Atkinson, Whilemina V.",Ap #103-6900 Nulla Rd.,Des Moines,IA,39577,3/31/1969,8770762961,atkinsonwhileminav@gmail.com,credit,4.88428E+15,2,2025
11111555,586805114,"Knight, Nelle B.","P.O. Box 314, 9850 Ultricies Avenue",Overland Park,KS,96058,8/8/1978,95418131,knightnelleb9102@yahoo.com,credit,5.59129E+15,8,2025
11111556,512337141,"O'Neill, Daryl U.",Ap #567-2269 Nulla. Road,Clarksville,TN,95734,8/14/1997,7233105211,oneilldarylu5128@yahoo.com,credit,4.47644E+15,9,2026
11111557,735729344,"Lancaster, Rowan C.",Ap #596-4271 Suspendisse Rd.,Clarksville,TN,59648,7/29/1982,7252383844,lancasterrowanc@yahoo.com,credit,5.35048E+15,8,2024
11111558,524484641,"England, Branden P.","227-3088 Mi, St.",Grand Rapids,MI,74972,5/15/1995,7417506797,englandbrandenp8020@yahoo.com,credit,5.15829E+15,3,2026
11111559,644143864,"Pruitt, Odessa H.",6947 Phasellus Av.,Lowell,MA,26475,3/2/1974,9018722063,pruittodessah@yahoo.com,credit,5.5645E+15,4,2025
11111560,878314469,"Battle, Ivan A.",7560 Eros Avenue,Tuscaloosa,AL,35125,11/2/1981,4077550167,battleivana@gmail.com,credit,4.9146E+15,11,2024
11111561,947831672,"Sellers, Amy O.",8279 Sapien Road,Meridian,ID,47472,5/29/1973,3507685441,sellersamyo@hotmail.com,credit,5.19886E+15,5,2025
11111562,932915482,"Collier, Odysseus J.",598 Non Avenue,Colchester,VT,71652,11/7/1988,1851721697,collierodysseusj2908@gmail.com,credit,5.02573E+15,6,2024
11111563,626443882,"Myers, Cathleen B.",Ap #478-7579 Netus Ave,Bellevue,WA,51417,1/7/1984,5576152568,myerscathleenb@yahoo.com,credit,5.94948E+15,10,2025
11111564,434896451,"Mosley, Davis B.",Ap #537-2811 Sodales Rd.,Evansville,IN,77182,8/5/1980,5744688678,mosleydavisb@yahoo.com,credit,5.07971E+15,5,2026
11111565,575102989,"Mooney, Silas F.",976-5783 Vehicula Rd.,Bear,DE,93157,8/26/1982,5897594325,mooneysilasf8649@gmail.com,credit,4.62276E+15,5,2026
11111566,489309995,"Mcclure, Wanda Y.","P.O. Box 999, 8030 Lobortis. Rd.",Philadelphia,PA,22135,1/8/1993,2652207781,mcclurewanday@yahoo.com,credit,4.74378E+15,5,2025
11111567,470804125,"Fuentes, Nolan L.",414-7368 Tristique Ave,Jonesboro,AR,72870,8/18/1972,1367437612,fuentesnolanl@yahoo.com,credit,6.62873E+15,2,2025
11111568,702704202,"Ramsey, Hedy G.",Ap #959-8280 Nam Ave,Joliet,IL,63114,7/16/1997,9883060713,ramseyhedyg@hotmail.com,credit,6.61659E+15,2,2024
11111569,842471585,"Yang, Amal T.",4401 Leo. Ave,Eugene,OR,71177,8/25/1993,5564102734,yangamalt2800@gmail.com,credit,5.7456E+15,6,2024
11111570,644492656,"Welch, Dorian L.",Ap #818-6359 Mauris. Rd.,Omaha,NE,47168,11/17/1989,7274527485,welchdorianl@yahoo.com,credit,4.58322E+15,12,2025
11111571,825035089,"Berger, Kelsey D.",844-5969 Diam Road,Kaneohe,HI,65343,7/13/1997,1259977287,bergerkelseyd128@yahoo.com,credit,6.66627E+15,2,2023
11111572,862832897,"James, Tatyana Y.",8171 Integer Road,Biloxi,MS,65635,8/27/1978,3826922513,jamestatyanay1015@hotmail.com,credit,5.08692E+15,3,2025
11111573,890624703,"Rosales, Vivien Q.","P.O. Box 682, 6007 Pede. Av.",Annapolis,MD,73620,1/20/1977,1628194147,rosalesvivienq@hotmail.com,credit,6.62916E+15,4,2025
11111574,742725342,"Carrillo, Virginia T.","5803 Orci, St.",Fort Wayne,IN,85086,4/11/1985,8644866368,carrillovirginiat3546@gmail.com,credit,6.35709E+15,4,2024
11111575,896411178,"Hayes, Erin P.",101-283 Pellentesque Av.,Memphis,TN,68785,5/4/1970,4848666796,hayeserinp@gmail.com,credit,4.73169E+15,2,2026
11111576,794931988,"Booker, Harper R.",472-9849 Quam Street,Green Bay,WI,57605,11/21/1997,8156921258,bookerharperr675@yahoo.com,credit,5.76425E+15,9,2023
11111577,897984117,"Nunez, Lavinia U.",218-2274 Augue St.,Jefferson City,MO,40807,1/14/1985,6548442773,nunezlaviniau6148@yahoo.com,credit,5.85669E+15,2,2024
11111578,607583389,"Coffey, Eleanor Q.",408-6367 Dui St.,Chattanooga,TN,81265,4/2/1970,8983823939,coffeyeleanorq@hotmail.com,credit,4.6128E+15,10,2026
11111579,900050639,"Sharpe, Logan A.","P.O. Box 161, 9802 Iaculis St.",Austin,TX,55384,12/16/1983,3412396367,sharpelogana8874@hotmail.com,credit,5.51991E+15,6,2024
11111580,443380187,"Jefferson, Alma A.",Ap #629-8393 Commodo Rd.,Memphis,TN,46673,11/19/1984,9971615484,jeffersonalmaa669@hotmail.com,credit,6.30675E+15,6,2023
11111581,580502668,"Pickett, Branden Z.",9454 Sagittis Ave,Philadelphia,PA,26168,11/1/1991,8726701504,pickettbrandenz4942@hotmail.com,credit,4.5546E+15,5,2024
11111582,817792426,"Cole, Rashad R.",885-5160 Imperdiet Street,Cheyenne,WY,23165,7/4/1989,4842342153,colerashadr4949@hotmail.com,credit,6.13619E+15,5,2025
11111583,555826204,"Dejesus, Audra X.",Ap #540-6915 Id Av.,Seattle,WA,72021,5/31/1995,9125253082,dejesusaudrax@yahoo.com,credit,4.24201E+15,9,2025
11111584,852819546,"Holcomb, Linus X.",Ap #589-991 Lorem Rd.,Saint Paul,MN,82884,6/29/1979,2845535856,holcomblinusx3567@hotmail.com,credit,5.82275E+15,10,2024
11111585,732872928,"Powell, Hanna I.",443-7459 Pellentesque Road,Rock Springs,WY,45236,10/19/1982,2898472348,powellhannai6546@yahoo.com,credit,5.20355E+15,9,2024
11111586,690610233,"Mcdowell, David L.",Ap #580-8745 Tellus Rd.,Provo,UT,23137,12/25/1988,2521919238,mcdowelldavidl@hotmail.com,credit,5.59831E+15,2,2024
11111587,491321141,"Franklin, Leigh L.",820-1590 Nec St.,Essex,VT,44175,2/27/1993,7530916158,franklinleighl1217@gmail.com,credit,6.02538E+15,3,2026
11111588,718539174,"Becker, Larissa X.","580-4413 A, Street",Allentown,PA,41516,11/5/1973,6261632795,beckerlarissax7301@hotmail.com,credit,5.3875E+15,3,2024
11111589,636113910,"Harmon, Delilah V.",Ap #523-3834 Fermentum St.,Seattle,WA,51669,7/24/1975,1512894217,harmondelilahv4358@hotmail.com,credit,4.99253E+15,5,2024
11111590,640009493,"Horn, Stella S.",581 A Av.,Waterbury,CT,64745,5/2/1988,8748681737,hornstellas@yahoo.com,credit,5.15865E+15,7,2024
11111591,612055709,"Mcclain, Hop P.",670-1588 Dictum Av.,Honolulu,HI,68394,5/19/1990,5514126643,mcclainhopp@hotmail.com,credit,5.87917E+15,2,2026
11111592,649185490,"Lowe, Zia N.",5113 Ut Ave,Pocatello,ID,23885,11/29/1975,7336283112,lowezian3773@hotmail.com,credit,5.2718E+15,7,2026
11111593,966812536,"Casey, Jael A.",Ap #610-250 Eros. St.,Akron,OH,22094,8/9/1971,1247711405,caseyjaela@yahoo.com,credit,5.7947E+15,12,2024
11111594,980028836,"Chapman, Castor F.",232-3111 In Street,Fort Smith,AR,72656,9/17/1973,2862806413,chapmancastorf@yahoo.com,credit,5.35929E+15,10,2025
11111595,494538162,"Faulkner, Carissa F.",Ap #738-7457 Arcu. St.,Bangor,ME,44657,5/7/1978,415202893,faulknercarissaf@yahoo.com,credit,4.24061E+15,4,2023
11111596,562567159,"Walls, Myra W.",1781 Proin Street,Grand Rapids,MI,43776,1/10/1970,465422815,wallsmyraw1272@yahoo.com,credit,6.35142E+15,5,2024
11111597,773512012,"Salas, Brent F.","718-2371 Elementum, Road",Sandy,UT,53457,1/14/1978,2085832408,salasbrentf6635@hotmail.com,credit,6.37074E+15,10,2023
11111598,844961346,"Koch, Lawrence T.",Ap #601-7227 Faucibus Av.,Montgomery,AL,35254,11/16/1999,6257246862,kochlawrencet308@hotmail.com,credit,4.7469E+15,2,2026
11111599,852725717,"Gardner, Lisandra R.",925-2616 Consectetuer Rd.,West Valley City,UT,53455,5/27/1983,6562155242,gardnerlisandrar@gmail.com,credit,4.43354E+15,11,2023
11111600,858456764,"Shields, Lamar H.",Ap #744-7331 Class Av.,Fayetteville,AR,71451,4/5/1991,714736862,shieldslamarh@gmail.com,credit,4.89293E+15,5,2025
11111601,572735449,"Guerra, Addison H.",627-5088 Est. Av.,Nampa,ID,42474,2/14/1980,2204416820,guerraaddisonh7299@hotmail.com,credit,4.88684E+15,7,2024
11111602,796216929,"Curry, Lael M.","P.O. Box 859, 6610 Adipiscing Rd.",Jefferson City,MO,64662,10/29/1991,4537131372,currylaelm@yahoo.com,credit,4.54196E+15,2,2026
11111603,820901261,"Cook, Alexander Q.",992-2588 Fringilla Rd.,Rochester,MN,36987,11/21/1968,854521362,cookalexanderq@yahoo.com,credit,4.3935E+15,12,2025
11111604,526084360,"Beck, Sonya C.",Ap #347-734 Arcu. Avenue,Overland Park,KS,86691,2/19/1979,2178762431,becksonyac7120@hotmail.com,credit,4.47668E+15,8,2026
11111605,725188073,"Hurley, Alana Y.",331-4910 Consectetuer St.,Omaha,NE,44287,11/24/1971,6144187767,hurleyalanay8135@gmail.com,credit,4.66375E+15,11,2024
11111606,607065500,"Cochran, Noelle H.",321-9151 Ridiculus Avenue,Fort Worth,TX,82250,11/24/1978,5155476515,cochrannoelleh@yahoo.com,credit,4.38425E+15,6,2023
11111607,768738760,"Delgado, Julian I.",5234 Ridiculus St.,Atlanta,GA,87581,4/21/2000,2459137185,delgadojuliani@hotmail.com,credit,5.37251E+15,4,2025
11111608,554936671,"Ryan, Raja T.",Ap #881-9442 Sit St.,Los Angeles,CA,96719,12/18/1977,7578674243,ryanrajat9376@yahoo.com,credit,6.39524E+15,4,2024
11111609,536457169,"Ortiz, Chiquita B.",Ap #299-886 Quis Rd.,Montgomery,AL,35151,11/3/1992,8773732833,ortizchiquitab4821@yahoo.com,credit,6.61481E+15,2,2024
11111610,829957199,"Camacho, Christine K.",Ap #400-9321 Sem St.,Essex,VT,88412,4/23/1983,5613645528,camachochristinek@yahoo.com,credit,6.30738E+15,2,2023
